-- MySQL dump 10.13  Distrib 8.0.22, for Linux (x86_64)
--
-- Host: localhost    Database: limpiadin
-- ------------------------------------------------------
-- Server version	8.0.22-0ubuntu0.20.04.3

/*!40101 SET @OLD_CHARACTER_SET_CLIENT=@@CHARACTER_SET_CLIENT */;
/*!40101 SET @OLD_CHARACTER_SET_RESULTS=@@CHARACTER_SET_RESULTS */;
/*!40101 SET @OLD_COLLATION_CONNECTION=@@COLLATION_CONNECTION */;
/*!50503 SET NAMES utf8mb4 */;
/*!40103 SET @OLD_TIME_ZONE=@@TIME_ZONE */;
/*!40103 SET TIME_ZONE='+00:00' */;
/*!40014 SET @OLD_UNIQUE_CHECKS=@@UNIQUE_CHECKS, UNIQUE_CHECKS=0 */;
/*!40014 SET @OLD_FOREIGN_KEY_CHECKS=@@FOREIGN_KEY_CHECKS, FOREIGN_KEY_CHECKS=0 */;
/*!40101 SET @OLD_SQL_MODE=@@SQL_MODE, SQL_MODE='NO_AUTO_VALUE_ON_ZERO' */;
/*!40111 SET @OLD_SQL_NOTES=@@SQL_NOTES, SQL_NOTES=0 */;

--
-- Table structure for table `Categoria`
--

DROP TABLE IF EXISTS `Categoria`;
/*!40101 SET @saved_cs_client     = @@character_set_client */;
/*!50503 SET character_set_client = utf8mb4 */;
CREATE TABLE `Categoria` (
  `ID` smallint NOT NULL AUTO_INCREMENT,
  `Nombre` varchar(50) DEFAULT NULL,
  `Foto` varchar(100) DEFAULT NULL,
  PRIMARY KEY (`ID`)
) ENGINE=InnoDB AUTO_INCREMENT=11 DEFAULT CHARSET=latin1;
/*!40101 SET character_set_client = @saved_cs_client */;

--
-- Dumping data for table `Categoria`
--

LOCK TABLES `Categoria` WRITE;
/*!40000 ALTER TABLE `Categoria` DISABLE KEYS */;
INSERT INTO `Categoria` VALUES (1,'Combos','categoria1.png'),(2,'Linea Limpiadin','categoria2.png'),(3,'Papeles / Rollos Bolsas','categoria3.png'),(4,'Elementos de Limpieza','categoria4.png'),(5,'Productos de Limpieza','categoria5.png'),(6,'Toxicos / Insecticidas','categoria6.png'),(7,'Cuidado Personal','categoria7.png'),(8,'Mascotas','categoria8.png'),(9,'Bazar y Varios','categoria9.png'),(10,'Electro','categoria10.png');
/*!40000 ALTER TABLE `Categoria` ENABLE KEYS */;
UNLOCK TABLES;

--
-- Table structure for table `Cliente`
--

DROP TABLE IF EXISTS `Cliente`;
/*!40101 SET @saved_cs_client     = @@character_set_client */;
/*!50503 SET character_set_client = utf8mb4 */;
CREATE TABLE `Cliente` (
  `ID` smallint NOT NULL AUTO_INCREMENT,
  `Nombre` varchar(100) DEFAULT NULL,
  `Direccion` varchar(100) DEFAULT NULL,
  `Telefono` varchar(20) DEFAULT NULL,
  `Email` varchar(50) DEFAULT NULL,
  `CodDepartamento` smallint DEFAULT NULL,
  `Distancia` decimal(10,2) DEFAULT NULL,
  `IDUsuario` smallint DEFAULT NULL,
  PRIMARY KEY (`ID`)
) ENGINE=InnoDB AUTO_INCREMENT=27 DEFAULT CHARSET=latin1;
/*!40101 SET character_set_client = @saved_cs_client */;

--
-- Dumping data for table `Cliente`
--

LOCK TABLES `Cliente` WRITE;
/*!40000 ALTER TABLE `Cliente` DISABLE KEYS */;
INSERT INTO `Cliente` VALUES (19,'Fernando Contreras','Las Heras 741','02604271738','ferjcontreras@gmail.com',364,344.34,64),(20,'Ivan Contreras','Balcance 609','','ivan@gmail.com',425,19.49,65),(24,'Fernando Contreras','Las Heras 741','123456','toto@gmail.com',364,344.34,69),(25,'Fernando Contreras','Las Heras 741','123456','toto@gmail.com',364,344.34,70),(26,'Fernando Contreras','Las Heras 741','123456','toto@gmail.com',364,344.34,71);
/*!40000 ALTER TABLE `Cliente` ENABLE KEYS */;
UNLOCK TABLES;

--
-- Table structure for table `Compra`
--

DROP TABLE IF EXISTS `Compra`;
/*!40101 SET @saved_cs_client     = @@character_set_client */;
/*!50503 SET character_set_client = utf8mb4 */;
CREATE TABLE `Compra` (
  `ID` smallint NOT NULL AUTO_INCREMENT,
  `Fecha` date DEFAULT NULL,
  `CodCliente` smallint DEFAULT NULL,
  `Estado` smallint DEFAULT NULL,
  `CostoEnvio` decimal(10,2) DEFAULT NULL,
  `payment_id` varchar(20) DEFAULT NULL,
  PRIMARY KEY (`ID`)
) ENGINE=InnoDB AUTO_INCREMENT=25 DEFAULT CHARSET=latin1;
/*!40101 SET character_set_client = @saved_cs_client */;

--
-- Dumping data for table `Compra`
--

LOCK TABLES `Compra` WRITE;
/*!40000 ALTER TABLE `Compra` DISABLE KEYS */;
INSERT INTO `Compra` VALUES (20,'2020-11-02',19,2,500.00,'1230884794'),(21,'2020-11-02',19,1,500.00,'1230884823'),(22,'2020-11-02',19,2,500.00,'1230885604'),(23,'2020-11-19',19,2,500.00,'1231261581'),(24,'2020-11-19',19,1,500.00,'1231260642');
/*!40000 ALTER TABLE `Compra` ENABLE KEYS */;
UNLOCK TABLES;

--
-- Table structure for table `CostoEnvio`
--

DROP TABLE IF EXISTS `CostoEnvio`;
/*!40101 SET @saved_cs_client     = @@character_set_client */;
/*!50503 SET character_set_client = utf8mb4 */;
CREATE TABLE `CostoEnvio` (
  `ID` smallint NOT NULL AUTO_INCREMENT,
  `Distancia` smallint DEFAULT NULL,
  `Costo` decimal(10,2) DEFAULT NULL,
  PRIMARY KEY (`ID`)
) ENGINE=InnoDB AUTO_INCREMENT=8 DEFAULT CHARSET=latin1;
/*!40101 SET character_set_client = @saved_cs_client */;

--
-- Dumping data for table `CostoEnvio`
--

LOCK TABLES `CostoEnvio` WRITE;
/*!40000 ALTER TABLE `CostoEnvio` DISABLE KEYS */;
INSERT INTO `CostoEnvio` VALUES (2,100,400.00),(3,300,500.00),(4,0,100.00),(7,400,600.00);
/*!40000 ALTER TABLE `CostoEnvio` ENABLE KEYS */;
UNLOCK TABLES;

--
-- Table structure for table `Depto`
--

DROP TABLE IF EXISTS `Depto`;
/*!40101 SET @saved_cs_client     = @@character_set_client */;
/*!50503 SET character_set_client = utf8mb4 */;
CREATE TABLE `Depto` (
  `ID` smallint NOT NULL AUTO_INCREMENT,
  `nombre` varchar(50) DEFAULT NULL,
  `idProv` smallint DEFAULT NULL,
  KEY `ID` (`ID`)
) ENGINE=InnoDB AUTO_INCREMENT=530 DEFAULT CHARSET=latin1;
/*!40101 SET character_set_client = @saved_cs_client */;

--
-- Dumping data for table `Depto`
--

LOCK TABLES `Depto` WRITE;
/*!40000 ALTER TABLE `Depto` DISABLE KEYS */;
INSERT INTO `Depto` VALUES (1,'José C. Paz',6),(2,'O\'Higgins',22),(3,'Trenel',42),(4,'Adolfo Gonzales Chaves',6),(5,'General Juan Madariaga',6),(6,'Tandil',6),(7,'Alberdi',86),(8,'Quemú Quemú',42),(9,'Capital',42),(10,'Rivadavia',86),(11,'Juan F. Ibarra',86),(12,'General Taboada',86),(13,'La Paz',50),(14,'Coronel Pringles',6),(15,'Tigre',6),(16,'Catriló',42),(17,'Atreucó',42),(18,'Guatraché',42),(19,'Utracán',42),(20,'Loventué',42),(21,'Hucal',42),(22,'Chalileo',42),(23,'Chical Co',42),(24,'Esquina',18),(25,'Sauce',18),(26,'Curuzu Cuatia',18),(27,'San Martín',18),(28,'Rawson',26),(29,'Mercedes',18),(30,'Paso de los Libres',18),(31,'General Alvear',18),(32,'Choya',86),(33,'Santa Rosa',50),(34,'Rivadavia',50),(35,'Tornquist',6),(36,'Chamical',46),(37,'Arauco',46),(38,'Campana',6),(39,'Santa Rosa',10),(40,'La Paz',10),(41,'Magallanes',78),(42,'Corpen Aike',78),(43,'Conesa',62),(44,'Sargento Cabral',22),(45,'Independencia',22),(46,'Mayor Luis J. Fontana',22),(47,'Fray Justo Santa María de Oro',22),(48,'1° de Mayo',22),(49,'Ayacucho',74),(50,'Maipú',6),(51,'12 de Octubre',22),(52,'Santa María',14),(53,'San Alberto',14),(54,'Río Segundo',14),(55,'San Justo',14),(56,'Unión',14),(57,'Tercero Arriba',14),(58,'Cerrillos',66),(59,'Río Cuarto',14),(60,'Tupungato',50),(61,'Pilagás',34),(62,'Laishí',34),(63,'Pirané',34),(64,'General Güemes',22),(65,'Ñorquinco',62),(66,'Adolfo Alsina',6),(67,'Puán',6),(68,'Villarino',6),(69,'Presidente Roque Sáenz Peña',14),(70,'General Villegas',6),(71,'General Roca',14),(72,'General Alvear',50),(73,'Río Hondo',86),(74,'San Pedro',6),(75,'Rivadavia',66),(76,'Rosario de Lerma',66),(77,'Ledesma',38),(78,'Capital',18),(79,'Capital',54),(80,'Iguazú',54),(81,'Oberá',54),(82,'San Ignacio',54),(83,'Capital',46),(84,'Río Seco',14),(85,'Avellaneda',62),(86,'General Roca',62),(87,'San Fernando',22),(88,'Belgrano',74),(89,'Los Lagos',58),(90,'Belén',10),(91,'Confluencia',58),(92,'Picunches',58),(93,'Añelo',58),(94,'Loncopué',58),(95,'Ñorquín',58),(96,'Capital',10),(97,'Ancasti',10),(98,'Pehuenches',58),(99,'Minas',58),(100,'Chos Malal',58),(101,'Cushamen',26),(102,'Lago Buenos Aires',78),(103,'Comuna 2',2),(104,'Comuna 8',2),(105,'Ramón Lista',34),(106,'Sobremonte',14),(107,'Banda',86),(108,'Chivilcoy',6),(109,'Villa Constitución',82),(110,'Mártires',26),(111,'Sarmiento',86),(112,'Deseado',78),(113,'Languiñeo',26),(114,'Belgrano',86),(115,'Aguirre',86),(116,'Comuna 14',2),(117,'Guasayán',86),(118,'Capital',14),(119,'Antofagasta de la Sierra',10),(120,'San Carlos',50),(121,'Futaleufú',26),(122,'Río Chico',78),(123,'Lago Argentino',78),(124,'El Cuy',62),(125,'Las Heras',50),(126,'Lavalle',50),(127,'Pichi Mahuida',62),(128,'Adolfo Alsina',62),(129,'Comuna 3',2),(130,'Capital',86),(131,'General Alvear',6),(132,'Loreto',86),(133,'Villaguay',30),(134,'Castelli',6),(135,'San Salvador',30),(136,'Almirante Brown',6),(137,'Nogoyá',30),(138,'Tala',30),(139,'La Paz',30),(140,'San Lorenzo',22),(141,'La Plata',6),(142,'Brandsen',6),(143,'25 de Mayo',6),(144,'Pehuajó',6),(145,'General Belgrano',6),(146,'Capayán',10),(147,'Monte',6),(148,'Roque Pérez',6),(149,'Pilar',6),(150,'Luján',6),(151,'Azul',6),(152,'Concepción',54),(153,'Merlo',6),(154,'Chacabuco',6),(155,'Carmen de Areco',6),(156,'General Rodríguez',6),(157,'Exaltación de la Cruz',6),(158,'San Miguel',6),(159,'San Andrés de Giles',6),(160,'Junín',6),(161,'Marcos Paz',6),(162,'Juárez Celman',14),(163,'Lihuel Calel',42),(164,'Mercedes',6),(165,'2 de Abril',22),(166,'Hurlingham',6),(167,'Morón',6),(168,'Ciudad Libertador San Martín',6),(169,'La Candelaria',66),(170,'Ituzaingó',6),(171,'La Capital',82),(172,'Santo Tomé',18),(173,'Saladas',18),(174,'General Paz',18),(175,'Suipacha',6),(176,'Tres de Febrero',6),(177,'Coronel Felipe Varela',46),(178,'Alberti',6),(179,'Lanús',6),(180,'General Las Heras',6),(181,'Lomas de Zamora',6),(182,'Navarro',6),(183,'Cañuelas',6),(184,'Guachipas',66),(185,'Cafayate',66),(186,'Lobos',6),(187,'Quilmes',6),(188,'Pila',6),(189,'General La Madrid',6),(190,'Bolívar',6),(191,'Balcarce',6),(192,'Hipólito Yrigoyen',6),(193,'Dolores',6),(194,'Tres Lomas',6),(195,'Ayacucho',6),(196,'Bella Vista',18),(197,'Tapenagá',22),(198,'Concordia',30),(199,'Federal',30),(200,'Gualeguaychú',30),(201,'Islas del Ibicuy',30),(202,'General Pinto',6),(203,'Guaminí',6),(204,'Avellaneda',6),(205,'Calingasta',70),(206,'25 de Mayo',70),(207,'Colón',6),(208,'San Cayetano',6),(209,'Tres Arroyos',6),(210,'Figueroa',86),(211,'Saavedra',6),(212,'Monte Hermoso',6),(213,'Lobería',6),(214,'Berisso',6),(215,'Tordillo',6),(216,'Ramallo',6),(217,'San Nicolás',6),(218,'Moreno',86),(219,'General Guido',6),(220,'Chacabuco',22),(221,'Guaymallén',50),(222,'Capital',66),(223,'25 de Mayo',22),(224,'Coronel Suárez',6),(225,'Coronel Dorrego',6),(226,'Necochea',6),(227,'Independencia',46),(228,'Maipú',50),(229,'Capital',50),(230,'Godoy Cruz',50),(231,'Andalgalá',10),(232,'Ambato',10),(233,'Bahía Blanca',6),(234,'General Alvarado',6),(235,'General Pueyrredón',6),(236,'Mar Chiquita',6),(237,'Villa Gesell',6),(238,'Junín',50),(239,'Castro Barros',46),(240,'Quitilipi',22),(241,'Pinamar',6),(242,'General Lavalle',6),(243,'La Costa',6),(244,'Magdalena',6),(245,'Sanagasta',46),(246,'Vicente López',6),(247,'Chilecito',46),(248,'Presidencia de la Plaza',22),(249,'Victoria',30),(250,'General Ángel V. Peñaloza',46),(251,'Diamante',30),(252,'Uruguay',30),(253,'Paraná',30),(254,'Saladillo',6),(255,'Las Flores',6),(256,'Rojas',6),(257,'Escobar',6),(258,'Pergamino',6),(259,'General Juan F. Quiroga',46),(260,'Lules',90),(261,'Yerba Buena',90),(262,'Tafí Viejo',90),(263,'Burruyacú',90),(264,'Rosario Vera Peñaloza',46),(265,'Vera',82),(266,'9 de Julio',82),(267,'Iglesia',70),(268,'Valle Fértil',70),(269,'Ullum',70),(270,'Albardón',70),(271,'Zonda',70),(272,'Gobernador Dupuy',74),(273,'Cachi',66),(274,'Chicoana',66),(275,'La Viña',66),(276,'Rauch',6),(277,'Metán',66),(278,'Molinos',66),(279,'Salliqueló',6),(280,'Berazategui',6),(281,'General Güemes',66),(282,'San Carlos',66),(283,'Rancul',42),(284,'Conhelo',42),(285,'Fray Mamerto Esquiú',10),(286,'General Ocampo',46),(287,'Presidente Perón',6),(288,'9 de julio',62),(289,'General San Martín',46),(290,'Atamisqui',86),(291,'Coronel de Marina Leonardo Rosales',6),(292,'Famatina',46),(293,'Libertad',22),(294,'Tolhuin',94),(295,'San Blas de Los Sauces',46),(296,'Garay',82),(297,'Las Colonias',82),(298,'Realicó',42),(299,'Formosa',34),(300,'Paclín',10),(301,'El Alto',10),(302,'Comandante Fernández',22),(303,'Leandro N. Alem',6),(304,'General Belgrano',22),(305,'General Donovan',22),(306,'Tehuelches',26),(307,'Escalante',26),(308,'Ischilín',14),(309,'Totoral',14),(310,'General San Martín',14),(311,'San Javier',14),(312,'General Arenales',6),(313,'Rivadavia',6),(314,'Comuna 9',2),(315,'Angaco',70),(316,'Caucete',70),(317,'Picún Leufú',58),(318,'Aluminé',58),(319,'Sarmiento',26),(320,'General Paz',6),(321,'San Miguel',18),(322,'Comuna 7',2),(323,'25 de Mayo',62),(324,'Comuna 10',2),(325,'Antártida Argentina',94),(326,'Islas del Atlántico Sur',94),(327,'Telsen',26),(328,'Comuna 11',2),(329,'San Antonio de Areco',6),(330,'Moreno',6),(331,'La Matanza',6),(332,'Pilcaniyeu',62),(333,'Ojo de Agua',86),(334,'Lezama',6),(335,'Punta Indio',6),(336,'El Carmen',38),(337,'Santa María',10),(338,'Gaiman',26),(339,'General Lamadrid',46),(340,'Pocho',14),(341,'Goya',18),(342,'Lavalle',18),(343,'San Roque',18),(344,'Comuna 6',2),(345,'Tulumba',14),(346,'Cruz del Eje',14),(347,'Punilla',14),(348,'Minas',14),(349,'Valcheta',62),(350,'San Antonio',62),(351,'Pellegrini',6),(352,'9 de Julio',22),(353,'La Caldera',66),(354,'San Rafael',50),(355,'Anta',66),(356,'General Belgrano',46),(357,'Copo',86),(358,'Vinchina',46),(359,'Lácar',58),(360,'Comuna 13',2),(361,'Güer Aike',78),(362,'Río Grande',94),(363,'Ushuaia',94),(364,'Malargüe',50),(365,'Pomán',10),(366,'Graneros',90),(367,'Rosario de la Frontera',66),(368,'Paso de Indios',26),(369,'Almirante Brown',22),(370,'Valle Viejo',10),(371,'Maipú',22),(372,'Robles',86),(373,'Colón',30),(374,'Tunuyán',50),(375,'Luján de Cuyo',50),(376,'Río Senguer',26),(377,'Bariloche',62),(378,'Huiliches',58),(379,'Catán Lil',58),(380,'Collón Curá',58),(381,'Carlos Tejedor',6),(382,'Arrecifes',6),(383,'Capitán Sarmiento',6),(384,'Salto',6),(385,'Gualeguay',30),(386,'Federación',30),(387,'Feliciano',30),(388,'9 de Julio',6),(389,'Trenque Lauquen',6),(390,'Carlos Casares',6),(391,'Olavarría',6),(392,'Esteban Echeverría',6),(393,'General Viamonte',6),(394,'Malvinas Argentinas',6),(395,'Lincoln',6),(396,'Tapalqué',6),(397,'Toay',42),(398,'Monte Caseros',18),(399,'Bragado',6),(400,'José M. Ezeiza',6),(401,'Curacó',42),(402,'Limay Mahuida',42),(403,'Puelén',42),(404,'Florencio Varela',6),(405,'Silípica',86),(406,'25 de Mayo',54),(407,'San Vicente',6),(408,'Daireaux',6),(409,'9 de Julio',70),(410,'Rawson',70),(411,'Ensenada',6),(412,'Laprida',6),(413,'San Isidro',6),(414,'Benito Juárez',6),(415,'San Antonio',38),(416,'Libertador General San Martín',22),(417,'Gastre',26),(418,'San Fernando',6),(419,'Zárate',6),(420,'Salavina',86),(421,'Pellegrini',86),(422,'Avellaneda',86),(423,'Bermejo',22),(424,'Junín',74),(425,'San Martín',50),(426,'Zapala',58),(427,'Colón',14),(428,'Caseros',82),(429,'Rosario',82),(430,'San Lorenzo',82),(431,'Iriondo',82),(432,'Belgrano',82),(433,'San Jerónimo',82),(434,'Mitre',86),(435,'Santa Victoria',66),(436,'General José de San Martín',66),(437,'Pilcomayo',34),(438,'Río Primero',14),(439,'Tinogasta',10),(440,'Marcos Juárez',14),(441,'Calamuchita',14),(442,'Chacabuco',74),(443,'Juan Martín de Pueyrredón',74),(444,'General Pedernera',74),(445,'Patagones',6),(446,'Libertador General San Martín',74),(447,'Coronel Pringles',74),(448,'Comuna 1',2),(449,'Comuna 4',2),(450,'Comuna 5',2),(451,'Caleu Caleu',42),(452,'Jáchal',70),(453,'Quebrachos',86),(454,'Mburucuyá',18),(455,'Empedrado',18),(456,'Ituzaingó',18),(457,'San Cosme',18),(458,'Itatí',18),(459,'Comuna 12',2),(460,'San Javier',54),(461,'Apóstoles',54),(462,'Eldorado',54),(463,'San Pedro',54),(464,'Montecarlo',54),(465,'Chascomús',6),(466,'Comuna 15',2),(467,'San Martín',86),(468,'Jiménez',86),(469,'Baradero',6),(470,'Humahuaca',38),(471,'Yaví',38),(472,'Santa Catalina',38),(473,'San Pedro',38),(474,'Valle Grande',38),(475,'Patiño',34),(476,'Bermejo',34),(477,'Susques',38),(478,'Iruya',66),(479,'Matacos',34),(480,'Los Andes',66),(481,'Orán',66),(482,'Tilcara',38),(483,'Palpalá',38),(484,'Cochinoca',38),(485,'Tumbaya',38),(486,'Dr. Manuel Belgrano',38),(487,'Santa Bárbara',38),(488,'Rinconada',38),(489,'La Poma',66),(490,'Chicligasta',90),(491,'Monteros',90),(492,'Leales',90),(493,'Famaillá',90),(494,'Capital',90),(495,'Cruz Alta',90),(496,'Trancas',90),(497,'Tafí del Valle',90),(498,'San Martín',82),(499,'San Luis del Palmar',18),(500,'Berón de Astrada',18),(501,'Castellanos',82),(502,'San Justo',82),(503,'San Cristóbal',82),(504,'San Javier',82),(505,'General Obligado',82),(506,'Chimbas',70),(507,'San Martín',70),(508,'Biedma',26),(509,'Florentino Ameghino',6),(510,'Florentino Ameghino',26),(511,'La Cocha',90),(512,'Juan Bautista Alberdi',90),(513,'Río Chico',90),(514,'Simoca',90),(515,'General López',82),(516,'Candelaria',54),(517,'Cainguás',54),(518,'Libertador General San Martín',54),(519,'General Manuel Belgrano',54),(520,'Guaraní',54),(521,'Rivadavia',70),(522,'Santa Lucía',70),(523,'Pocito',70),(524,'Sarmiento',70),(525,'Capital',70),(526,'Chapaleufú',42),(527,'Maracó',42),(528,'Concepción',18),(529,'Leandro N. Alem',54);
/*!40000 ALTER TABLE `Depto` ENABLE KEYS */;
UNLOCK TABLES;

--
-- Table structure for table `DetalleCompra`
--

DROP TABLE IF EXISTS `DetalleCompra`;
/*!40101 SET @saved_cs_client     = @@character_set_client */;
/*!50503 SET character_set_client = utf8mb4 */;
CREATE TABLE `DetalleCompra` (
  `ID` smallint NOT NULL AUTO_INCREMENT,
  `Cantidad` smallint DEFAULT NULL,
  `CodProducto` smallint DEFAULT NULL,
  `Precio` decimal(10,2) DEFAULT NULL,
  `IDCompra` smallint DEFAULT NULL,
  PRIMARY KEY (`ID`)
) ENGINE=InnoDB AUTO_INCREMENT=37 DEFAULT CHARSET=latin1;
/*!40101 SET character_set_client = @saved_cs_client */;

--
-- Dumping data for table `DetalleCompra`
--

LOCK TABLES `DetalleCompra` WRITE;
/*!40000 ALTER TABLE `DetalleCompra` DISABLE KEYS */;
INSERT INTO `DetalleCompra` VALUES (19,11,31,100.00,20),(20,12,32,100.00,20),(21,10,33,100.00,20),(22,10,34,100.00,20),(23,11,31,100.00,21),(24,12,32,100.00,21),(25,10,33,100.00,21),(26,10,34,100.00,21),(27,11,31,100.00,22),(28,12,32,100.00,22),(29,10,33,100.00,22),(30,10,34,100.00,22),(31,2,73,200.00,23),(32,16,80,500.00,23),(33,1,12,100.00,23),(34,2,73,200.00,24),(35,16,80,500.00,24),(36,1,12,100.00,24);
/*!40000 ALTER TABLE `DetalleCompra` ENABLE KEYS */;
UNLOCK TABLES;

--
-- Table structure for table `DetallePedido`
--

DROP TABLE IF EXISTS `DetallePedido`;
/*!40101 SET @saved_cs_client     = @@character_set_client */;
/*!50503 SET character_set_client = utf8mb4 */;
CREATE TABLE `DetallePedido` (
  `ID` smallint NOT NULL AUTO_INCREMENT,
  `Cantidad` smallint DEFAULT NULL,
  `CodProducto` smallint DEFAULT NULL,
  `Precio` decimal(10,2) DEFAULT NULL,
  `IDPedido` smallint DEFAULT NULL,
  PRIMARY KEY (`ID`)
) ENGINE=InnoDB AUTO_INCREMENT=5 DEFAULT CHARSET=latin1;
/*!40101 SET character_set_client = @saved_cs_client */;

--
-- Dumping data for table `DetallePedido`
--

LOCK TABLES `DetallePedido` WRITE;
/*!40000 ALTER TABLE `DetallePedido` DISABLE KEYS */;
INSERT INTO `DetallePedido` VALUES (2,43,10,100.00,3),(3,42,10,100.00,4),(4,42,10,100.00,5);
/*!40000 ALTER TABLE `DetallePedido` ENABLE KEYS */;
UNLOCK TABLES;

--
-- Table structure for table `Estado`
--

DROP TABLE IF EXISTS `Estado`;
/*!40101 SET @saved_cs_client     = @@character_set_client */;
/*!50503 SET character_set_client = utf8mb4 */;
CREATE TABLE `Estado` (
  `ID` smallint NOT NULL AUTO_INCREMENT,
  `Nombre` varchar(20) DEFAULT NULL,
  PRIMARY KEY (`ID`)
) ENGINE=InnoDB AUTO_INCREMENT=5 DEFAULT CHARSET=latin1;
/*!40101 SET character_set_client = @saved_cs_client */;

--
-- Dumping data for table `Estado`
--

LOCK TABLES `Estado` WRITE;
/*!40000 ALTER TABLE `Estado` DISABLE KEYS */;
INSERT INTO `Estado` VALUES (1,'Pendiente'),(2,'Confirmado'),(3,'Rechazado'),(4,'Entregado');
/*!40000 ALTER TABLE `Estado` ENABLE KEYS */;
UNLOCK TABLES;

--
-- Table structure for table `Minimo`
--

DROP TABLE IF EXISTS `Minimo`;
/*!40101 SET @saved_cs_client     = @@character_set_client */;
/*!50503 SET character_set_client = utf8mb4 */;
CREATE TABLE `Minimo` (
  `ID` smallint NOT NULL AUTO_INCREMENT,
  `IDDepartamento` smallint DEFAULT NULL,
  `Monto` decimal(10,2) DEFAULT NULL,
  PRIMARY KEY (`ID`)
) ENGINE=InnoDB AUTO_INCREMENT=530 DEFAULT CHARSET=latin1;
/*!40101 SET character_set_client = @saved_cs_client */;

--
-- Dumping data for table `Minimo`
--

LOCK TABLES `Minimo` WRITE;
/*!40000 ALTER TABLE `Minimo` DISABLE KEYS */;
INSERT INTO `Minimo` VALUES (1,1,4000.00),(2,2,4000.00),(3,3,4000.00),(4,4,4000.00),(5,5,4000.00),(6,6,4000.00),(7,7,4000.00),(8,8,4000.00),(9,9,4000.00),(10,10,4000.00),(11,11,4000.00),(12,12,4000.00),(13,13,4000.00),(14,14,4000.00),(15,15,4000.00),(16,16,4000.00),(17,17,4000.00),(18,18,4000.00),(19,19,4000.00),(20,20,4000.00),(21,21,4000.00),(22,22,4000.00),(23,23,4000.00),(24,24,4000.00),(25,25,4000.00),(26,26,4000.00),(27,27,4000.00),(28,28,4000.00),(29,29,4000.00),(30,30,4000.00),(31,31,4000.00),(32,32,4000.00),(33,33,4000.00),(34,34,4000.00),(35,35,4000.00),(36,36,4000.00),(37,37,4000.00),(38,38,4000.00),(39,39,4000.00),(40,40,4000.00),(41,41,4000.00),(42,42,4000.00),(43,43,4000.00),(44,44,4000.00),(45,45,4000.00),(46,46,4000.00),(47,47,4000.00),(48,48,4000.00),(49,49,4000.00),(50,50,4000.00),(51,51,4000.00),(52,52,4000.00),(53,53,4000.00),(54,54,4000.00),(55,55,4000.00),(56,56,4000.00),(57,57,4000.00),(58,58,4000.00),(59,59,4000.00),(60,60,4000.00),(61,61,4000.00),(62,62,4000.00),(63,63,4000.00),(64,64,4000.00),(65,65,4000.00),(66,66,4000.00),(67,67,4000.00),(68,68,4000.00),(69,69,4000.00),(70,70,4000.00),(71,71,4000.00),(72,72,4000.00),(73,73,4000.00),(74,74,4000.00),(75,75,4000.00),(76,76,4000.00),(77,77,4000.00),(78,78,4000.00),(79,79,4000.00),(80,80,4000.00),(81,81,4000.00),(82,82,4000.00),(83,83,4000.00),(84,84,4000.00),(85,85,4000.00),(86,86,4000.00),(87,87,4000.00),(88,88,4000.00),(89,89,4000.00),(90,90,4000.00),(91,91,4000.00),(92,92,4000.00),(93,93,4000.00),(94,94,4000.00),(95,95,4000.00),(96,96,4000.00),(97,97,4000.00),(98,98,4000.00),(99,99,4000.00),(100,100,4000.00),(101,101,4000.00),(102,102,4000.00),(103,103,4000.00),(104,104,4000.00),(105,105,4000.00),(106,106,4000.00),(107,107,4000.00),(108,108,4000.00),(109,109,4000.00),(110,110,4000.00),(111,111,4000.00),(112,112,4000.00),(113,113,4000.00),(114,114,4000.00),(115,115,4000.00),(116,116,4000.00),(117,117,4000.00),(118,118,4000.00),(119,119,4000.00),(120,120,4000.00),(121,121,4000.00),(122,122,4000.00),(123,123,4000.00),(124,124,4000.00),(125,125,4000.00),(126,126,4000.00),(127,127,4000.00),(128,128,4000.00),(129,129,4000.00),(130,130,4000.00),(131,131,4000.00),(132,132,4000.00),(133,133,4000.00),(134,134,4000.00),(135,135,4000.00),(136,136,4000.00),(137,137,4000.00),(138,138,4000.00),(139,139,4000.00),(140,140,4000.00),(141,141,4000.00),(142,142,4000.00),(143,143,4000.00),(144,144,4000.00),(145,145,4000.00),(146,146,4000.00),(147,147,4000.00),(148,148,4000.00),(149,149,4000.00),(150,150,4000.00),(151,151,4000.00),(152,152,4000.00),(153,153,4000.00),(154,154,4000.00),(155,155,4000.00),(156,156,4000.00),(157,157,4000.00),(158,158,4000.00),(159,159,4000.00),(160,160,4000.00),(161,161,4000.00),(162,162,4000.00),(163,163,4000.00),(164,164,4000.00),(165,165,4000.00),(166,166,4000.00),(167,167,4000.00),(168,168,4000.00),(169,169,4000.00),(170,170,4000.00),(171,171,4000.00),(172,172,4000.00),(173,173,4000.00),(174,174,4000.00),(175,175,4000.00),(176,176,4000.00),(177,177,4000.00),(178,178,4000.00),(179,179,4000.00),(180,180,4000.00),(181,181,4000.00),(182,182,4000.00),(183,183,4000.00),(184,184,4000.00),(185,185,4000.00),(186,186,4000.00),(187,187,4000.00),(188,188,4000.00),(189,189,4000.00),(190,190,4000.00),(191,191,4000.00),(192,192,4000.00),(193,193,4000.00),(194,194,4000.00),(195,195,4000.00),(196,196,4000.00),(197,197,4000.00),(198,198,4000.00),(199,199,4000.00),(200,200,4000.00),(201,201,4000.00),(202,202,4000.00),(203,203,4000.00),(204,204,4000.00),(205,205,4000.00),(206,206,4000.00),(207,207,4000.00),(208,208,4000.00),(209,209,4000.00),(210,210,4000.00),(211,211,4000.00),(212,212,4000.00),(213,213,4000.00),(214,214,4000.00),(215,215,4000.00),(216,216,4000.00),(217,217,4000.00),(218,218,4000.00),(219,219,4000.00),(220,220,4000.00),(221,221,4000.00),(222,222,4000.00),(223,223,4000.00),(224,224,4000.00),(225,225,4000.00),(226,226,4000.00),(227,227,4000.00),(228,228,4000.00),(229,229,4000.00),(230,230,4000.00),(231,231,4000.00),(232,232,4000.00),(233,233,4000.00),(234,234,4000.00),(235,235,4000.00),(236,236,4000.00),(237,237,4000.00),(238,238,4000.00),(239,239,4000.00),(240,240,4000.00),(241,241,4000.00),(242,242,4000.00),(243,243,4000.00),(244,244,4000.00),(245,245,4000.00),(246,246,4000.00),(247,247,4000.00),(248,248,4000.00),(249,249,4000.00),(250,250,4000.00),(251,251,4000.00),(252,252,4000.00),(253,253,4000.00),(254,254,4000.00),(255,255,4000.00),(256,256,4000.00),(257,257,4000.00),(258,258,4000.00),(259,259,4000.00),(260,260,4000.00),(261,261,4000.00),(262,262,4000.00),(263,263,4000.00),(264,264,4000.00),(265,265,4000.00),(266,266,4000.00),(267,267,4000.00),(268,268,4000.00),(269,269,4000.00),(270,270,4000.00),(271,271,4000.00),(272,272,4000.00),(273,273,4000.00),(274,274,4000.00),(275,275,4000.00),(276,276,4000.00),(277,277,4000.00),(278,278,4000.00),(279,279,4000.00),(280,280,4000.00),(281,281,4000.00),(282,282,4000.00),(283,283,4000.00),(284,284,4000.00),(285,285,4000.00),(286,286,4000.00),(287,287,4000.00),(288,288,4000.00),(289,289,4000.00),(290,290,4000.00),(291,291,4000.00),(292,292,4000.00),(293,293,4000.00),(294,294,4000.00),(295,295,4000.00),(296,296,4000.00),(297,297,4000.00),(298,298,4000.00),(299,299,4000.00),(300,300,4000.00),(301,301,4000.00),(302,302,4000.00),(303,303,4000.00),(304,304,4000.00),(305,305,4000.00),(306,306,4000.00),(307,307,4000.00),(308,308,4000.00),(309,309,4000.00),(310,310,4000.00),(311,311,4000.00),(312,312,4000.00),(313,313,4000.00),(314,314,4000.00),(315,315,4000.00),(316,316,4000.00),(317,317,4000.00),(318,318,4000.00),(319,319,4000.00),(320,320,4000.00),(321,321,4000.00),(322,322,4000.00),(323,323,4000.00),(324,324,4000.00),(325,325,4000.00),(326,326,4000.00),(327,327,4000.00),(328,328,4000.00),(329,329,4000.00),(330,330,4000.00),(331,331,4000.00),(332,332,4000.00),(333,333,4000.00),(334,334,4000.00),(335,335,4000.00),(336,336,4000.00),(337,337,4000.00),(338,338,4000.00),(339,339,4000.00),(340,340,4000.00),(341,341,4000.00),(342,342,4000.00),(343,343,4000.00),(344,344,4000.00),(345,345,4000.00),(346,346,4000.00),(347,347,4000.00),(348,348,4000.00),(349,349,4000.00),(350,350,4000.00),(351,351,4000.00),(352,352,4000.00),(353,353,4000.00),(354,354,4000.00),(355,355,4000.00),(356,356,4000.00),(357,357,4000.00),(358,358,4000.00),(359,359,4000.00),(360,360,4000.00),(361,361,4000.00),(362,362,4000.00),(363,363,4000.00),(364,364,4000.00),(365,365,4000.00),(366,366,4000.00),(367,367,4000.00),(368,368,4000.00),(369,369,4000.00),(370,370,4000.00),(371,371,4000.00),(372,372,4000.00),(373,373,4000.00),(374,374,4000.00),(375,375,4000.00),(376,376,4000.00),(377,377,4000.00),(378,378,4000.00),(379,379,4000.00),(380,380,4000.00),(381,381,4000.00),(382,382,4000.00),(383,383,4000.00),(384,384,4000.00),(385,385,4000.00),(386,386,4000.00),(387,387,4000.00),(388,388,4000.00),(389,389,4000.00),(390,390,4000.00),(391,391,4000.00),(392,392,4000.00),(393,393,4000.00),(394,394,4000.00),(395,395,4000.00),(396,396,4000.00),(397,397,4000.00),(398,398,4000.00),(399,399,4000.00),(400,400,4000.00),(401,401,4000.00),(402,402,4000.00),(403,403,4000.00),(404,404,4000.00),(405,405,4000.00),(406,406,4000.00),(407,407,4000.00),(408,408,4000.00),(409,409,4000.00),(410,410,4000.00),(411,411,4000.00),(412,412,4000.00),(413,413,4000.00),(414,414,4000.00),(415,415,4000.00),(416,416,4000.00),(417,417,4000.00),(418,418,4000.00),(419,419,4000.00),(420,420,4000.00),(421,421,4000.00),(422,422,4000.00),(423,423,4000.00),(424,424,4000.00),(425,425,4000.00),(426,426,4000.00),(427,427,4000.00),(428,428,4000.00),(429,429,4000.00),(430,430,4000.00),(431,431,4000.00),(432,432,4000.00),(433,433,4000.00),(434,434,4000.00),(435,435,4000.00),(436,436,4000.00),(437,437,4000.00),(438,438,4000.00),(439,439,4000.00),(440,440,4000.00),(441,441,4000.00),(442,442,4000.00),(443,443,4000.00),(444,444,4000.00),(445,445,4000.00),(446,446,4000.00),(447,447,4000.00),(448,448,4000.00),(449,449,4000.00),(450,450,4000.00),(451,451,4000.00),(452,452,4000.00),(453,453,4000.00),(454,454,4000.00),(455,455,4000.00),(456,456,4000.00),(457,457,4000.00),(458,458,4000.00),(459,459,4000.00),(460,460,4000.00),(461,461,4000.00),(462,462,4000.00),(463,463,4000.00),(464,464,4000.00),(465,465,4000.00),(466,466,4000.00),(467,467,4000.00),(468,468,4000.00),(469,469,4000.00),(470,470,4000.00),(471,471,4000.00),(472,472,4000.00),(473,473,4000.00),(474,474,4000.00),(475,475,4000.00),(476,476,4000.00),(477,477,4000.00),(478,478,4000.00),(479,479,4000.00),(480,480,4000.00),(481,481,4000.00),(482,482,4000.00),(483,483,4000.00),(484,484,4000.00),(485,485,4000.00),(486,486,4000.00),(487,487,4000.00),(488,488,4000.00),(489,489,4000.00),(490,490,4000.00),(491,491,4000.00),(492,492,4000.00),(493,493,4000.00),(494,494,4000.00),(495,495,4000.00),(496,496,4000.00),(497,497,4000.00),(498,498,4000.00),(499,499,4000.00),(500,500,4000.00),(501,501,4000.00),(502,502,4000.00),(503,503,4000.00),(504,504,4000.00),(505,505,4000.00),(506,506,4000.00),(507,507,4000.00),(508,508,4000.00),(509,509,4000.00),(510,510,4000.00),(511,511,4000.00),(512,512,4000.00),(513,513,4000.00),(514,514,4000.00),(515,515,4000.00),(516,516,4000.00),(517,517,4000.00),(518,518,4000.00),(519,519,4000.00),(520,520,4000.00),(521,521,4000.00),(522,522,4000.00),(523,523,4000.00),(524,524,4000.00),(525,525,4000.00),(526,526,4000.00),(527,527,4000.00),(528,528,4000.00),(529,529,4000.00);
/*!40000 ALTER TABLE `Minimo` ENABLE KEYS */;
UNLOCK TABLES;

--
-- Table structure for table `Pedido`
--

DROP TABLE IF EXISTS `Pedido`;
/*!40101 SET @saved_cs_client     = @@character_set_client */;
/*!50503 SET character_set_client = utf8mb4 */;
CREATE TABLE `Pedido` (
  `ID` smallint NOT NULL AUTO_INCREMENT,
  `Fecha` date DEFAULT NULL,
  `CodCliente` smallint DEFAULT NULL,
  `Estado` smallint DEFAULT NULL,
  `CostoEnvio` decimal(10,2) DEFAULT NULL,
  PRIMARY KEY (`ID`)
) ENGINE=InnoDB AUTO_INCREMENT=6 DEFAULT CHARSET=latin1;
/*!40101 SET character_set_client = @saved_cs_client */;

--
-- Dumping data for table `Pedido`
--

LOCK TABLES `Pedido` WRITE;
/*!40000 ALTER TABLE `Pedido` DISABLE KEYS */;
INSERT INTO `Pedido` VALUES (3,'2020-10-29',19,2,500.00),(4,'2020-10-30',19,2,500.00),(5,'2020-10-30',19,1,500.00);
/*!40000 ALTER TABLE `Pedido` ENABLE KEYS */;
UNLOCK TABLES;

--
-- Table structure for table `Perfil`
--

DROP TABLE IF EXISTS `Perfil`;
/*!40101 SET @saved_cs_client     = @@character_set_client */;
/*!50503 SET character_set_client = utf8mb4 */;
CREATE TABLE `Perfil` (
  `ID` smallint NOT NULL AUTO_INCREMENT,
  `Nombre` varchar(20) DEFAULT NULL,
  PRIMARY KEY (`ID`)
) ENGINE=InnoDB AUTO_INCREMENT=3 DEFAULT CHARSET=latin1;
/*!40101 SET character_set_client = @saved_cs_client */;

--
-- Dumping data for table `Perfil`
--

LOCK TABLES `Perfil` WRITE;
/*!40000 ALTER TABLE `Perfil` DISABLE KEYS */;
INSERT INTO `Perfil` VALUES (1,'Administrador'),(2,'Cliente');
/*!40000 ALTER TABLE `Perfil` ENABLE KEYS */;
UNLOCK TABLES;

--
-- Table structure for table `Producto`
--

DROP TABLE IF EXISTS `Producto`;
/*!40101 SET @saved_cs_client     = @@character_set_client */;
/*!50503 SET character_set_client = utf8mb4 */;
CREATE TABLE `Producto` (
  `ID` smallint NOT NULL AUTO_INCREMENT,
  `Nombre` varchar(100) DEFAULT NULL,
  `Detalle` varchar(200) DEFAULT NULL,
  `Precio` decimal(10,2) DEFAULT NULL,
  `IDCategoria` smallint DEFAULT NULL,
  `Foto` varchar(100) DEFAULT NULL,
  `Disponible` tinyint(1) DEFAULT NULL,
  `CodLimpiadin` varchar(20) DEFAULT NULL,
  PRIMARY KEY (`ID`)
) ENGINE=InnoDB AUTO_INCREMENT=605 DEFAULT CHARSET=latin1;
/*!40101 SET character_set_client = @saved_cs_client */;

--
-- Dumping data for table `Producto`
--

LOCK TABLES `Producto` WRITE;
/*!40000 ALTER TABLE `Producto` DISABLE KEYS */;
INSERT INTO `Producto` VALUES (1,' ARGENTINO JABON DE TOCADOR 3X80 GR','',57.00,7,NULL,1,'587'),(2,' ARGENTINO JABON EN PAN X 200GR','',35.20,5,NULL,1,'494'),(3,' LISOF. BACTERICIDA P/ PULVERIZAR ','',39.00,1,NULL,1,'580'),(4,' SAPHIRUS DIFUSOR PREMIUM ','',375.00,9,NULL,1,'248'),(5,'ABRELATAS UA ','',75.00,9,NULL,1,'674'),(6,'AC JABON LIQUIDO  CONCENTRADO','',34.00,1,NULL,1,'4'),(7,'ACEITE DE 1000 ML. P/ PREPARAR BRILLAPISO','',1100.00,5,NULL,1,'384'),(8,'ACEITE DE 250 ML. P/ PREPARAR BRILLAPISO','',350.00,5,NULL,1,'382'),(9,'ACEITE DE 500 ML P/ PREPARAR BRILLAPISO','',590.00,5,NULL,1,'383'),(10,'ACEITE ESENCIAL SAPHIRUS','',117.00,5,NULL,1,'490'),(11,'ACONDICCIONADOR PANTENNE','',42.00,1,NULL,1,'42'),(12,'ACONDICIONADOR SEDDAL','',42.00,2,NULL,1,'41'),(13,'AGUA DESTILADA  X LT','',15.52,2,NULL,1,'153'),(14,'AHUYENTA CAT','',33.00,2,NULL,1,'198'),(15,'AHUYENTA DOG','',33.00,2,NULL,1,'159'),(16,'AL JABON LIQUIDO CONCENTRADO','',31.00,2,NULL,1,'3'),(17,'ALA DETERGENTE ULTRA 300 ML','',60.00,5,NULL,1,'629'),(18,'ALA JABON EN PAN X 200 G','',45.00,5,NULL,1,'241'),(19,'ALARGADOR 3 BASES X 1,5 MTS','',180.00,10,NULL,1,'504'),(20,'ALARGADOR 3 BASES X 3MTS','',240.00,10,NULL,1,'505'),(21,'ALCOHOL DE QUEMAR ','',115.50,2,NULL,1,'55'),(22,'ALCOHOL DE QUEMAR X 1 LT','',112.50,6,NULL,1,'571'),(23,'ALCOHOL DINAMITA X 1 LT','',199.00,6,NULL,1,'637'),(24,'ALCOHOL DINAMITA X 600 ML','',120.00,6,NULL,1,'638'),(25,'ALCOHOL EN GEL','',180.00,2,NULL,1,'57'),(26,'ALCOHOL ETILICO','',180.00,2,NULL,1,'56'),(27,'ALFOMBRA BIENVENIDOS ','',231.20,9,NULL,1,'267'),(28,'ALFOMBRA DE BAÑO YI JU BICOLOR','',270.00,9,NULL,1,'672'),(29,'ALFOMBRA FELPUDO P/ PUERTA','',345.10,9,NULL,1,'636'),(30,'ALFOMBRA VENTOSA PERLAS BATH MAT','',263.50,9,NULL,1,'280'),(31,'ALGABO GEL POTE 350 GR','',102.00,5,NULL,1,'614'),(32,'ALGUICIDA X LT','',110.00,2,NULL,1,'83'),(33,'ALIMENTO PARA CACHORRO SABROSITOS X 8 KG','',975.00,8,NULL,1,'201'),(34,'ALIMENTO PARA GATO CRIANZA DE 10 KG ','',930.00,8,NULL,1,'135'),(35,'ALIMENTO PARA PERRO CRIANZA X 15 KG','',900.00,8,NULL,1,'134'),(36,'ALWAYS TOALLA FEM X 8 UNID','',60.00,7,NULL,1,'457'),(37,'AMANECER DESODORANTE P/ PISO','',38.00,2,NULL,1,'71'),(38,'AMBAR AROMATIZADOR 2DA LINEA DE SAPHIRUS','',129.00,9,NULL,1,'454'),(39,'AMONIO CUATERNARIO','',30.00,7,NULL,1,'579'),(40,'ANDY GUANTES DE LATEX TALLE M','',90.00,4,NULL,1,'589'),(41,'ANDY GUANTES DE LATEX TALLE S','',90.00,4,NULL,1,'588'),(42,'ARI JABON LIQUIDO CONCENTRADO','',32.00,2,NULL,1,'1'),(43,'ARIELL ECO JABON LIQUIDO','',23.00,2,NULL,1,'519'),(44,'AROMATIZADOR AUTOMATICO X UNID','',172.50,9,NULL,1,'75'),(45,'AROMATIZANTE DE AUTO X 2 UNID ROUTE 66','',108.00,9,NULL,1,'365'),(46,'AROMATIZANTE SENSACIONES SAPHIRUS 8G','',135.00,9,NULL,1,'392'),(47,'ASADERA DE VIDRIO MARINEX OVL 6664 GD','',484.50,9,NULL,1,'324'),(48,'ATRAPA POLVOS SOLVENTADO','',199.00,2,NULL,1,'46'),(49,'AYUDIN DESINFECTANTE EN AEROSOL','',138.00,5,NULL,1,'659'),(50,'BALDE 12 LTS PLASTICO DESES PLAST','',180.00,4,NULL,1,'594'),(51,'BALDE C/ ESCURRIDOR CENTRIFUGO','',2835.00,4,NULL,1,'341'),(52,'BALDE CON ESCURRIDOR PARA MOPA DESESPLAST','',352.50,4,NULL,1,'105'),(53,'BALDE DE 10 LTS  PLASTICO DESESPLAST','',180.00,4,NULL,1,'343'),(54,'BALLERINA  SIN BOLSA X UNIDAD','',24.00,4,NULL,1,'228'),(55,'BALLERINA X 3 UNIDADES ECCO','',61.50,4,NULL,1,'186'),(56,'BALLERINA X UNIDAD ECCO','',27.00,4,NULL,1,'175'),(57,'BANDEJA DE TERGOPOL K 18 X UNID','',2.88,9,NULL,1,'402'),(58,'BAÑADERA DE BEBE','',540.00,9,NULL,1,'646'),(59,'BARBIJO DE TELA','',90.00,7,NULL,1,'575'),(60,'BARBIJO ECONOMICO','',45.00,7,NULL,1,'576'),(61,'BARRE HOJAS PLASTICO','',90.00,4,NULL,1,'210'),(62,'BASE P/PILETA 10MM X 10MTS.','',1275.00,9,NULL,1,'687'),(63,'BASE P/PILETA DE 0,5MM X 10MTS. ','',750.00,9,NULL,1,'688'),(64,'BIC TWIN PRESTOBARBA','',33.00,7,NULL,1,'452'),(65,'BIDON DE 20 O  30 LTS PLASTICO ','',120.00,9,NULL,1,'344'),(66,'BIDON ENVASE X 5LTS','',35.00,9,NULL,1,'87'),(67,'BIOALCOHOL X250ML','',75.00,5,NULL,1,'698'),(68,'BLADE MAX MEN X 2 UNID 3 HOJAS','',42.00,7,NULL,1,'437'),(69,'BLADE MAX WOMEN 2 UNID 3 HOJAS','',42.00,7,NULL,1,'438'),(70,'BLEM LUSTRAMUEBLES 360CM3','',150.00,5,NULL,1,'508'),(71,'BOCHA DE TECHO CON PALO 2 MTS','',149.60,4,NULL,1,'195'),(72,'BOCHA LIMPIA TECHO SIN PALO ','',150.00,4,NULL,1,'274'),(73,'BOLLITO SIMIL ORO- OK ECCO ','',19.50,7,NULL,1,'213'),(74,'BOLSA AGUA CALIENTE REFORZADA','',175.00,3,NULL,1,'462'),(75,'BOLSA CAMISETA 30X40 ECONOMICA AZUL','',48.00,3,NULL,1,'92'),(76,'BOLSA CAMISETA 40X50 ','',75.00,3,NULL,1,'94'),(77,'BOLSA CAMISETA 45X60','',105.60,3,NULL,1,'95'),(78,'BOLSA CONSORCIO X 10 UNIDADES','',46.50,3,NULL,1,'97'),(79,'BOLSA RESIDUO X 30 UNIDADES','',49.60,3,NULL,1,'96'),(80,'BOLSA ROLLO 15X25','',105.00,3,NULL,1,'88'),(81,'BOLSA ROLLO 15X25 RENDIDOR','',120.00,3,NULL,1,'416'),(82,'BOLSA ROLLO 20 X 30','',225.00,3,NULL,1,'106'),(83,'BOLSA ROLLO 20X30 RENDIDOR','',255.00,3,NULL,1,'417'),(84,'BOLSA ROLLO 25X35','',225.00,3,NULL,1,'89'),(85,'BOLSA ROLLO 25X35 RENDIDOR','',285.00,3,NULL,1,'418'),(86,'BOLSA ROLLO 30X40','',225.00,3,NULL,1,'90'),(87,'BOLSA ROLLO 30X40 RENDIDOR','',382.50,3,NULL,1,'419'),(88,'BOLSA ROLLO 35 X 45','',225.00,3,NULL,1,'108'),(89,'BOLSA ROLLO 35X45 RENDIDOR','',285.00,3,NULL,1,'420'),(90,'BOLSA ROLLO 40X50','',225.00,3,NULL,1,'91'),(91,'BOLSA ROLLO 40X50 RENDIDOR','',330.00,3,NULL,1,'421'),(92,'BOLSA ROLLO 45 X 60','',330.00,3,NULL,1,'107'),(93,'BOLSA ROLLO 50 X 60','',330.00,3,NULL,1,'244'),(94,'BOLSA SUPER CONSORCIO X 10 UNIDADES','',91.20,3,NULL,1,'222'),(95,'BOMBILLA  ARGEN C/ RESORTE','',60.00,9,NULL,1,'231'),(96,'BOMBILLA ALUMINIO LISA C/ RESORTE','',45.00,9,NULL,1,'605'),(97,'BOMBILLA BRASIL ','',120.00,9,NULL,1,'667'),(98,'BOMBILLA EQUIPOS FUTBOL','',58.50,9,NULL,1,'255'),(99,'BOMBILLA PLANCHETA ','',96.00,9,NULL,1,'668'),(100,'BOTELLA CON BOMBA GATILLO X 250 ML','',49.50,4,NULL,1,'565'),(101,'BOTELLA CON BOMBA GATILLO X 500ML','',49.50,4,NULL,1,'564'),(102,'BOTELLA SLIM SPORT YESI','',97.50,4,NULL,1,'538'),(103,'BOTELLA X 500 ML','',10.00,4,NULL,1,'567'),(104,'BOYA DOSIFICADORA DE CLORO NATACLOR','',142.50,4,NULL,1,'426'),(105,'BRASSO BRILLA METAL','',150.00,5,NULL,1,'666'),(106,'BRILLA GOMA EN GEL AMARILLO','',54.00,2,NULL,1,'51'),(107,'BRILLA GOMA EN GEL VIOLETA','',45.00,2,NULL,1,'650'),(108,'BRILLA GOMA ROJO','',39.00,2,NULL,1,'50'),(109,'BRILLADIN PERFUMADO VAINILLA ','',99.00,2,NULL,1,'45'),(110,'BRILLAMAX 500 CC','',78.00,5,NULL,1,'485'),(111,'BRILLAMAX 900CC','',126.00,5,NULL,1,'486'),(112,'BROCHE DE MADERA X 12 UNID ','',40.50,9,NULL,1,'132'),(113,'BROCHE DE PLASTICO X 12 UNID ','',40.50,9,NULL,1,'133'),(114,'BURLETE ARENA P/ PUERTA','',39.10,9,NULL,1,'283'),(115,'BURLETE DOBLE P/ PUERTA ','',70.89,9,NULL,1,'284'),(116,'CABO DE ALUMINIO P/ SACA HOJAS ','',405.00,9,NULL,1,'703'),(117,'CABO DE MADERA 1, 20 MTS','',40.50,9,NULL,1,'155'),(118,'CABO P/ LIMPIATECHO 2 MTS','',85.00,9,NULL,1,'275'),(119,'CAJA HERRAMIENTAS CHICA','',176.00,9,NULL,1,'447'),(120,'CAJA PLASTICA DE HERRAM. 19,5 UTILITY SAN BERNANDO','',700.00,9,NULL,1,'7878965392058'),(121,'CALCULADORA ','',299.20,10,NULL,1,'61248'),(122,'CALIPSO PROT DIARIO X 20 UNID','',49.50,9,NULL,1,'460'),(123,'CAMELLO JABON LIQ P/ ROPA FINA ESPUMOSO','',27.00,2,NULL,1,'5'),(124,'CARICIAS DE ALGODON DESODORANTE P/ PISO','',35.00,2,NULL,1,'72'),(125,'CARITAS AROMATIZANTES X 4 UNID SAPHIRUS','',165.00,9,NULL,1,'704'),(126,'CARTEL DE LONA LIMPIADIN','',450.00,2,NULL,1,'583'),(127,'CEPILLO ANDEN X 40 CM CON PALO','',225.00,4,NULL,1,'625'),(128,'CEPILLO BUCAL  NIÑO','',82.50,7,NULL,1,'523'),(129,'CEPILLO BUCAL ADULTO','',82.50,7,NULL,1,'237'),(130,'CEPILLO CON PALO ','',172.50,4,NULL,1,'140'),(131,'CEPILLO CORPORAL PARA DUCHA MAKE','',172.50,7,NULL,1,'227'),(132,'CEPILLO DENTAL BOCA','',112.50,7,NULL,1,'694'),(133,'CEPILLO DENTAL RIVER','',112.50,7,NULL,1,'695'),(134,'CEPILLO LAVA COCHES','',105.00,4,NULL,1,'238'),(135,'CEPILLO LAVA ESPALDA ISABELLA','',119.00,7,NULL,1,'631'),(136,'CEPILLO LIMPIA INODORO CHICO','',44.00,4,NULL,1,'658'),(137,'CEPILLO LIMPIA INODORO SIN TAZA','',82.50,4,NULL,1,'372'),(138,'CEPILLO PARA PELO','',72.00,7,NULL,1,'232'),(139,'CEPILLO PLANCHITA LA PORTEÑA DA SILVA','',75.00,9,NULL,1,'185'),(140,'CERA INCOLORA LIQUIDA','',28.00,2,NULL,1,'528'),(141,'CESTO PARA ROPA RED COLORES','',357.00,9,NULL,1,'318'),(142,'CESTO PARA ROPA RED GARDEN ','',510.00,9,NULL,1,'317'),(143,'CHAPAS FUTBOL 30X14 CM','',352.50,9,NULL,1,'671'),(144,'CHAPAS SURTIDAS 30 X 20 CM','',397.50,9,NULL,1,'670'),(145,'CHERRY DESODORANTE P/ PISO','',29.00,5,NULL,1,'70'),(146,'CHOPP ESCUDO 380 ML ','',112.50,9,NULL,1,'616'),(147,'CHOPP VIDRIO SUPER CERVECERO 1L','',495.00,9,NULL,1,'301'),(148,'CIF DESENGRASANTE BLANCO X 250ML 500GR','',75.00,5,NULL,1,'507'),(149,'CIF DESENGRASANTE CON LAVANDINA X 250 ML 500','',75.00,5,NULL,1,'530'),(150,'CIF DETERGENTE X 300CCGR','',54.00,5,NULL,1,'352'),(151,'CINTA ADHESIVA X 100 MTS','',117.00,9,NULL,1,'428'),(152,'CINTA AISLADORA ','',24.00,9,NULL,1,'502'),(153,'CITRICO DESODORANTE P/ PISO ','',28.00,2,NULL,1,'64'),(154,'CITRONELLA DESODORANTE PARA PISO','',28.00,2,NULL,1,'224'),(155,'CLARIFICANTE X LT','',110.00,2,NULL,1,'84'),(156,'CLEAN LAVANDINA X 1 LT','',36.00,5,NULL,1,'466'),(157,'CLORO','',19.00,5,NULL,1,'536'),(158,'CLORO CRANULADO LENTO AL 90%','',408.00,5,NULL,1,'79'),(159,'CLORO EN GEL LIMPIADOR ','',44.00,2,NULL,1,'21'),(160,'CLORO GRANULADO ','',450.00,5,NULL,1,'80'),(161,'CLORO GRANULADO RAPIDO AL 60%','',408.00,5,NULL,1,'524'),(162,'COBRA POMADA MARRON ','',165.00,5,NULL,1,'682'),(163,'COBRA POMADA NEGRA','',165.00,5,NULL,1,'654'),(164,'COFIAS X 50 UNIDADES ','',280.50,7,NULL,1,'403'),(165,'COLA PASTA PLAST CORAZON  DESESPLAST','',66.00,9,NULL,1,'281'),(166,'COLA PASTA PLAST RED DESES PLAST','',102.00,9,NULL,1,'7794297020485'),(167,'COLADOR METAL X 3 UNID.','',240.00,9,NULL,1,'624'),(168,'COLGATE CREMA  DENTAL X 70G','',68.60,7,NULL,1,'439'),(169,'COLIBRI POMADA INCOLORA','',58.50,5,NULL,1,'477'),(170,'COLIBRI POMADA MARRON','',58.50,5,NULL,1,'475'),(171,'COLIBRI POMADA NEGRA','',58.50,5,NULL,1,'476'),(172,'COLIBRI POMADA ROJA','',58.50,5,NULL,1,'478'),(173,'COLONIA DESODORANTE P/ PISO','',29.00,2,NULL,1,'65'),(174,'COMEDERO PLASTICO CHICO','',44.80,9,NULL,1,'380'),(175,'COMPOTERA PLASTICA','',17.00,9,NULL,1,'339'),(176,'COMPUESTO ACIDO ','',38.00,2,NULL,1,'58'),(177,'CONSERVADORA DE 30 LTS','',1998.00,9,NULL,1,'597'),(178,'CONSERVADORA DE 4 LTS','',993.85,9,NULL,1,'598'),(179,'COPA VID RIG NORUEGA AGUA','',102.00,9,NULL,1,'300'),(180,'COPA VID WINDSOR 210 ML CHAMP','',102.00,9,NULL,1,'297'),(181,'COPA VID WINDSOR 300 ML AGUA','',102.00,9,NULL,1,'298'),(182,'COPA WINDSOR 250 ML VINO','',102.00,9,NULL,1,'299'),(183,'CORDON BLANCO X 100 CM X DOC SPORT SUAVE','',246.00,9,NULL,1,'170'),(184,'CORDON BLANCO X 120 CM X DOC SPORT SUAVE','',294.00,9,NULL,1,'171'),(185,'CORDON BLANCO X 80 CM X DOC SPORT SUAVE','',204.00,9,NULL,1,'169'),(186,'CORDON NEGRO X 100 CM SPORT SUAVE','',246.00,9,NULL,1,'173'),(187,'CORDON NEGRO X 120 CM SPORT SUAVE','',294.00,9,NULL,1,'174'),(188,'CORDON NEGRO X 80 CM X DOC SPORT SUAVE','',204.00,9,NULL,1,'172'),(189,'CORTINA BAÑO YERBAL C/ PROTECTOR','',306.00,9,NULL,1,'286'),(190,'CORTINA DE 100CM ','',255.00,9,NULL,1,'415'),(191,'CORTINA DE 80 CM ','',195.00,9,NULL,1,'431'),(192,'CORTINA DE 90 CM ','',225.00,9,NULL,1,'414'),(193,'CRISPER PACHO ','',112.20,9,NULL,1,'323'),(194,'CRISTASOL AEROSOL DE PINTURA ','',225.00,5,NULL,1,'540'),(195,'CUBIERTERA MIS 5 DIVISIONES ','',180.00,9,NULL,1,'321'),(196,'CUBIERTO SET X 16 PZAS- TRAMONTINA NEW COLOR','',640.00,9,NULL,1,'7891112125773'),(197,'CUBIERTO SET X 24 PZAS CAROL PLASTNEGRO','',1237.60,9,NULL,1,'278'),(198,'CUCHARA METALICA CAROL','',44.20,9,NULL,1,'335'),(199,'CUCHARITA CAROL','',25.50,9,NULL,1,'336'),(200,'CUCHARON LABRADO 1 PIEZA','',150.00,9,NULL,1,'305'),(201,'CUCHILLO CAROL PLAST X UNIDAD','',44.20,9,NULL,1,'257'),(202,'CUTTER 9MM','',30.00,9,NULL,1,'506'),(203,'DERRIBANTE','',172.00,2,NULL,1,'49'),(204,'DESENGRASANTE CIFT CON LAVANDINA','',55.00,2,NULL,1,'560'),(205,'DESENGRASANTE INDUSTRIAL','',49.00,2,NULL,1,'29'),(206,'DESENGRASANTE MULTIUSO CHERRY','',29.00,2,NULL,1,'28'),(207,'DESENGRASANTE MULTIUSO LIMON','',29.00,2,NULL,1,'27'),(208,'DESINTEGRADOR DE SARRO','',40.00,2,NULL,1,'32'),(209,'DESTAPA CAÑERIAS','',59.00,2,NULL,1,'34'),(210,'DETERGENTE LIMON','',29.00,2,NULL,1,'22'),(211,'DETERGENTE MANZANA','',29.00,2,NULL,1,'24'),(212,'DETERGENTE NARANJA','',29.00,2,NULL,1,'23'),(213,'DETERGENTE T/ MAGI AZUL','',48.00,2,NULL,1,'25'),(214,'DETERGENTE T/ MAGI ROJO','',48.00,2,NULL,1,'26'),(215,'DETERGENTE X 300 ML MAGISTRAL','',39.00,5,NULL,1,'239'),(216,'DETERGENTE ZORRO X 300 ML','',37.50,5,NULL,1,'240'),(217,'DIFUSOR SAPHIRUS X UNID','',186.00,9,NULL,1,'114'),(218,'DISPENSER PARA JABON LIQUIDO','',750.00,9,NULL,1,'501'),(219,'DISPENSER PARA TOALLA INTERCALADA','',825.00,9,NULL,1,'592'),(220,'DONCELLA PROTECTOR DIARIO X 20 UNID','',42.00,7,NULL,1,'458'),(221,'DONCELLA TOALLA FEM X 8 UNID C/ALAS  C/ PERF','',36.00,7,NULL,1,'434'),(222,'DONNA ALGODON X 70 GR','',49.50,7,NULL,1,'465'),(223,'DOVE JABON DE TOC. 90 GRS','',64.50,7,NULL,1,'216'),(224,'DUFOUR DESODORANTE EN AEROSOL','',105.00,7,NULL,1,'649'),(225,'DURACELL PILA AA X 2 UNID','',80.00,10,NULL,1,'665'),(226,'DURACELL PILA AAA BLISTER X 2 UNID','',97.50,10,NULL,1,'689'),(227,'EMBUDO CHICO','',20.00,9,NULL,1,'647'),(228,'EMBUDO N° 17','',49.50,9,NULL,1,'193'),(229,'EMBUDO PLASTICO X 4 UNID ','',68.00,9,NULL,1,'250'),(230,'ENCENDEDOR MAGICLICK RECARGABLE GRANDE ','',225.00,9,NULL,1,'377'),(231,'ENCENDEDOR SHARK X UNIDAD','',15.00,9,NULL,1,'348'),(232,'ENJUAGUE PARA MASCOTA','',29.00,2,NULL,1,'36'),(233,'ENSALADERA PLAST CEPLAST','',47.60,9,NULL,1,'316'),(234,'ENSALADERA PLAST ECCO','',47.60,9,NULL,1,'315'),(235,'ENSALADERA PLAST MIS CARIOCA 1L','',47.60,9,NULL,1,'314'),(236,'ENSALADERA VIDRIO WHEATON CRISTAL 24 CM','',98.60,9,NULL,1,'296'),(237,'ESCOBA BODEGUERA','',160.00,4,NULL,1,'100'),(238,'ESCOBA COMUN','',144.00,4,NULL,1,'99'),(239,'ESCOBA OFERTA','',128.00,4,NULL,1,'492'),(240,'ESCOBA PLASTICA CON PALO ','',150.00,4,NULL,1,'606'),(241,'ESCOBA TRES FACETAS','',176.00,4,NULL,1,'101'),(242,'ESCURRIDOR PLAST DE VERDURAS','',340.00,9,NULL,1,'307'),(243,'ESCURRIDOR PLAST. P/ VAJILLA FLORIDA','',357.00,9,NULL,1,'269'),(244,'ESENCIAL LAVANDINA X 1 LT','',33.00,5,NULL,1,'529'),(245,'ESPATULA DE ACERO COCINA','',150.00,9,NULL,1,'673'),(246,'ESPONJA COCINA TEFLON AZUL NO RAYA','',22.50,4,NULL,1,'332'),(247,'ESPONJA COCINA X 2 UNID','',67.50,4,NULL,1,'619'),(248,'ESPONJA DE BAÑO ECCO','',20.80,4,NULL,1,'183'),(249,'ESPONJA LAVA AUTO','',63.00,4,NULL,1,'357'),(250,'ESPUMADERA LABRADA 1 PIEZA','',150.00,9,NULL,1,'306'),(251,'ESTROPAJO PLASTICO REDONDO','',15.00,4,NULL,1,'354'),(252,'ESTROPAJO SIMIL PLATA ECCO','',22.50,4,NULL,1,'181'),(253,'EXPRIMIDOR P/ CITRICOS','',93.00,9,NULL,1,'696'),(254,'FACILIM LUSTRAMUEBLES X 360 ML','',139.50,5,NULL,1,'585'),(255,'FIBRA ESPONJA CON SALVAUÑAS ','',22.50,4,NULL,1,'558'),(256,'FIBRA ESPONJA ECO','',22.50,4,NULL,1,'136'),(257,'FILM DE 30 CM X 20 MTS','',56.00,3,NULL,1,'400'),(258,'FILM DE 38 CM X 300M ','',320.00,3,NULL,1,'399'),(259,'FLORAL DESODORANTE P/ PISO ','',35.00,2,NULL,1,'62'),(260,'FLORES BLANCAS DESODORANTE PARA PISO','',28.00,5,NULL,1,'355'),(261,'FLUIDO ANTIESTATICO','',28.00,2,NULL,1,'197'),(262,'FOSFOROS RODEO','',33.00,9,NULL,1,'381'),(263,'FOSFOROS TRES PATITOS 222 UNID','',33.00,9,NULL,1,'534'),(264,'FRANELA NARANJA','',70.50,4,NULL,1,'179'),(265,'FRAU ALCOHOL X 250 CC','',48.00,6,NULL,1,'539'),(266,'FRESIAS DESODORANTE PARA PISO','',28.00,2,NULL,1,'229'),(267,'FUENTON 22 LTS','',255.00,9,NULL,1,'470'),(268,'FUENTON 28 LTS','',330.00,9,NULL,1,'484'),(269,'FUENTON 40 LTS','',405.00,9,NULL,1,'469'),(270,'FUENTON 54 LTS','',600.00,9,NULL,1,'468'),(271,'GARDENIA DESODORANTE P/ PISO','',28.00,2,NULL,1,'63'),(272,'GATILLO PULVERIZADOR','',33.00,4,NULL,1,'180'),(273,'GIGANTE DETERGENTE X 750CC','',57.00,5,NULL,1,'479'),(274,'GIGANTE X 200 GRS. JABON EN PAN','',33.00,5,NULL,1,'199'),(275,'GILLETTE AZUL PRESTOBARBA ','',78.00,7,NULL,1,'124'),(276,'GLADE DESODORANTE DE AMBIENTE X 360CC','',112.50,5,NULL,1,'488'),(277,'GUANTE LUCYBELL N° 7','',118.40,4,NULL,1,'546'),(278,'GUANTE LUCYBELL N° 7,5','',118.40,4,NULL,1,'547'),(279,'GUANTE LUCYBELL N° 8','',118.40,4,NULL,1,'548'),(280,'GUANTE LUCYBELL N°10','',128.00,4,NULL,1,'551'),(281,'GUANTE LUCYBELL N° 8,5','',118.40,4,NULL,1,'549'),(282,'GUANTE LUCYBELL N° 9','',118.40,4,NULL,1,'550'),(283,'GUANTE MOTEADO BLANCO EL PAR','',54.00,4,NULL,1,'163'),(284,'GUANTES AMARILLOS MAKE TALLE L','',105.00,4,NULL,1,'370'),(285,'GUANTES AMARILLOS MAKE TALLE M','',105.00,4,NULL,1,'157'),(286,'GUANTES AMARILLOS MAKE TALLE S','',105.00,4,NULL,1,'369'),(287,'GUANTES AMARILLOS MAKE TALLE XL','',105.00,4,NULL,1,'371'),(288,'GUANTES DE LATEX CAJA X 100 UNID ','',750.00,4,NULL,1,'413'),(289,'GUANTES DE NITRILO X 100 UNID','',900.00,4,NULL,1,'577'),(290,'GUANTES DE POLIETILENO X 100 UNID','',42.00,4,NULL,1,'404'),(291,'GUANTES DE VINILO X 100 UNID.','',1050.00,4,NULL,1,'678'),(292,'HADIBELL ACONDICIONADOR X 950 CC','',87.00,7,NULL,1,'515'),(293,'HADIBELL SHAMPOO X 950CC','',87.00,7,NULL,1,'516'),(294,'HARPERS DESOD DE AMB X 360 ML','',112.50,5,NULL,1,'692'),(295,'HERMET PLAST KOXS CUAD 710 CC','',68.00,5,NULL,1,'308'),(296,'HERMET PLAST KOXS RECT 2000CC','',102.00,5,NULL,1,'309'),(297,'HERMET PLAST KOXS RECT 3000CC','',136.00,5,NULL,1,'310'),(298,'HIPOCLORITO  DE SODIO 100%','',29.60,5,NULL,1,'386'),(299,'HIPOCLORITO DE SODIO 80%','',26.90,5,NULL,1,'385'),(300,'HISOPOS Q SOFT X 100 UNID','',63.00,7,NULL,1,'518'),(301,'HOME SPRAY SAPHIRUS 500CC','',270.00,5,NULL,1,'570'),(302,'IBIZA DESODORANTE PARA PISO','',28.00,2,NULL,1,'532'),(303,'INSECTICIDA LIQUIDO P/ DILUIR 1+9 DE AGUA','',160.00,2,NULL,1,'562'),(304,'JABON DE MANO SANITIZANTE ','',46.00,5,NULL,1,'568'),(305,'JABON EN PAN SUELTO','',21.00,5,NULL,1,'572'),(306,'JABON EN POLVO X KG','',82.50,5,NULL,1,'448'),(307,'JABON LIQ P/ MANOS DOV','',34.00,2,NULL,1,'9'),(308,'JABON LIQ P/ MANOS MARACUYA','',39.00,2,NULL,1,'10'),(309,'JABON LIQ P/ MANOS TUTTI FRUTI','',34.00,2,NULL,1,'8'),(310,'JABON LIQ T/DOCTOR K SEMI-AUTOMATICO','',33.00,2,NULL,1,'6'),(311,'JABON LIQUIDO PARA MANOS MILANO X 250CC','',157.50,7,NULL,1,'390'),(312,'JABON T/DOC D AUTOMATICO','',36.00,2,NULL,1,'7'),(313,'JABONERA PLAST YESI CARIOCA ECON','',27.00,9,NULL,1,'322'),(314,'JARRA DE VIDRIO','',225.00,9,NULL,1,'664'),(315,'JARRA PLASTICA MEDIDORA X 1 LTS','',75.00,9,NULL,1,'249'),(316,'JARRA YESI 1,5 LTS PLASTICA P/ JUGO','',157.50,9,NULL,1,'651'),(317,'JARRO PLASTICO DE 280CC','',45.90,9,NULL,1,'359'),(318,'JARRO TAZA DESAY. CORAZON','',187.50,9,NULL,1,'626'),(319,'JARRO TAZA DESAYUNO AMIGO CERAMICA','',187.50,9,NULL,1,'628'),(320,'JARRO TAZA DESAYUNO BOCA','',187.50,9,NULL,1,'618'),(321,'JARRO TAZA DESAYUNO CERAMICA ','',172.50,9,NULL,1,'483'),(322,'JARRO TAZA DESAYUNO RIVER','',187.50,9,NULL,1,'617'),(323,'JARRO TAZA DIA DE LA MADRE','',187.50,9,NULL,1,'677'),(324,'JAZMIN DESODORANTE P/ PISO','',29.00,2,NULL,1,'67'),(325,'JUEGO DE LAMPAZO Y ESCOBA P/ NIÑO','',120.00,4,NULL,1,'527'),(326,'JUEGO X 6 FLORIDA SUPER','',850.00,4,NULL,1,'340'),(327,'JUEGOS FLOTA FLOTA X 1,65 MTS DE LARGO','',135.00,9,NULL,1,'427'),(328,'KIT MEDIDOR DE PH-CLORO NATACLOR','',900.00,4,NULL,1,'425'),(329,'KOLYNOS PASTA DENTAL DE 70G','',75.00,7,NULL,1,'474'),(330,'KOTEX TOALLA FEMENINA','',72.00,7,NULL,1,'663'),(331,'LADYSOFT TOALLA FEMENINA X 8 UNID','',42.00,7,NULL,1,'459'),(332,'LAMINA GASA','',238.00,9,NULL,1,'102'),(333,'LAMPARA DE LED DE 6W ','',90.00,10,NULL,1,'503'),(334,'LAMPARA DE LED DE 9 W','',105.00,10,NULL,1,'182'),(335,'LAMPARA PARA VELADOR C/ AHORRO DE ENERGIA','',40.50,10,NULL,1,'184'),(336,'LAMPAZO ANDEN  X 40 CM','',262.50,4,NULL,1,'542'),(337,'LAMPAZO ANDEN X 60 CM','',277.50,4,NULL,1,'543'),(338,'LAMPAZO N°3 AZUL ','',117.00,4,NULL,1,'109'),(339,'LAMPAZO N°3 BLANCO','',120.00,4,NULL,1,'110'),(340,'LAMPAZO N°4 AZUL','',124.50,4,NULL,1,'111'),(341,'LAMPAZO N°4 BLANCO','',127.50,4,NULL,1,'112'),(342,'LAMPAZO PARA AUTO DE PABILO','',150.00,4,NULL,1,'164'),(343,'LAMPAZO PARA AUTO DE POLAR','',160.00,4,NULL,1,'544'),(344,'LAMPAZO REPUESTO N°4 AZUL','',75.00,4,NULL,1,'373'),(345,'LAMPAZO SACUDIDOR','',56.00,4,NULL,1,'217'),(346,'LAURIL ','',166.00,5,NULL,1,'545'),(347,'LAVABOTELLA CERDA SINA','',165.00,4,NULL,1,'450'),(348,'LAVABOTELLA CHICO','',57.00,4,NULL,1,'697'),(349,'LAVAMAMADERA PLASTICO SINA','',76.50,4,NULL,1,'451'),(350,'LAVANDA DESODORANTE P/ PISO','',28.00,2,NULL,1,'61'),(351,'LAVANDINA EN GEL','',40.00,2,NULL,1,'559'),(352,'LAVANDINA ROPA BLANCA','',20.00,2,NULL,1,'19'),(353,'LAVANDINA ROPA COLOR','',28.00,2,NULL,1,'20'),(354,'LAVANDINA TRIPLE ACCION EUCALIPTO','',26.00,2,NULL,1,'561'),(355,'LIMPIA INODORO CEPILLO + TAZA ECCO','',135.00,4,NULL,1,'131'),(356,'LIMPIA TAPIZADO ','',55.00,2,NULL,1,'333'),(357,'LIMPIA VIDRIO LIQUIDO','',26.00,2,NULL,1,'31'),(358,'LIMPIA VIDRIOS  ESPONJA GOMA C/ PALO','',120.00,4,NULL,1,'279'),(359,'LINA TOALLA C/ ALAS X 8 UNID','',39.00,7,NULL,1,'514'),(360,'LINTERNA + LUZ DE EMERGENCIA','',132.00,10,NULL,1,'521'),(361,'LINTERNA 15 LED RECARGABLE','',484.50,10,NULL,1,'368'),(362,'LINTERNA 4 LED RECARGABLE','',225.00,10,NULL,1,'453'),(363,'LINTERNA 7 LED RECARGABLE','',391.00,10,NULL,1,'367'),(364,'LINTERNA MINERA','',119.00,10,NULL,1,'613'),(365,'LIQUIDO P/ LAMPAZOS EL SALVADOR','',148.50,5,NULL,1,'338'),(366,'LISOF DESODORANTE P/ PISO ','',28.00,2,NULL,1,'60'),(367,'LISOF PINO-CITRICO ','',28.00,2,NULL,1,'247'),(368,'LUCYBELL N°10 GUANTES VERDES','',128.00,4,NULL,1,'557'),(369,'LUCYBELL N°7 GUANTES VERDES','',118.40,4,NULL,1,'552'),(370,'LUCYBELL N°7,5 GUANTES VERDES','',118.40,4,NULL,1,'553'),(371,'LUCYBELL N°8 GUANTES VERDES','',118.40,4,NULL,1,'554'),(372,'LUCYBELL N°8,5 GUANTES VERDES','',118.40,4,NULL,1,'555'),(373,'LUCYBELL N°9 GUANTES VERDES','',118.40,4,NULL,1,'556'),(374,'LUSTRA MUEBLES LIQUIDO','',31.00,5,NULL,1,'569'),(375,'MAGISTRAL DETERGENTE X 300CC','',84.00,5,NULL,1,'7500435019224'),(376,'MAGISTRAL X 215 ML','',75.00,5,NULL,1,'467'),(377,'MAMADERA JESSI ','',112.50,9,NULL,1,'364'),(378,'MANGUERA 1/2 DE 25 MTS REFORZADA COLOR','',795.00,9,NULL,1,'662'),(379,'MANGUERA 1/2 X 2O M. COLOR ','',570.00,9,NULL,1,'264'),(380,'MANGUERA 1/2 X 2O M. TRASPAR. REFORZADA','',624.00,9,NULL,1,'265'),(381,'MANHATTAN PAÑUELOS DESCARTABLES  X UNID. ','',7.50,7,NULL,1,'584'),(382,'MANTEL RECT. 2,40 MTS CON SERVILLETAS','',467.50,9,NULL,1,'261'),(383,'MANTEL RECT. ANTIMANCHAS 2,40 MTS VALENMIA','',900.00,9,NULL,1,'262'),(384,'MANTEL RECTANGULAR YERBAL','',170.00,9,NULL,1,'259'),(385,'MANTEL REDONDO YERBAL','',170.00,9,NULL,1,'260'),(386,'MAQUINA AROMATIZADORA ','',634.50,9,NULL,1,'366'),(387,'MAQUINA CON AEROSOL SAPHIRUS','',814.50,9,NULL,1,'85'),(388,'MARINA DESODORANTE P/ PISO','',29.00,2,NULL,1,'68'),(389,'MASAJEADOR CON USB','',120.00,10,NULL,1,'520'),(390,'MASCARAS','',240.00,7,NULL,1,'578'),(391,'MATE C/ IMAGEN Y BOMB SACA YERBA','',157.50,9,NULL,1,'620'),(392,'MATE CRIOLLO AZUL MODERNO ','',60.00,9,NULL,1,'661'),(393,'MATE FORRADO EVA DEC/GLITTER ','',231.20,9,NULL,1,'590'),(394,'MATE PLASTICO DOBLE ASA','',45.00,9,NULL,1,'660'),(395,'MATE PLASTICO ECONOMICO','',32.00,9,NULL,1,'353'),(396,'MATE VIDRIO FORRADO CUERO CON PIE','',153.00,9,NULL,1,'253'),(397,'MATE VIDRIO FORRADO GOTITA','',153.00,9,NULL,1,'252'),(398,'MATE VIDRIO LISO','',153.00,9,NULL,1,'254'),(399,'MAX AROMA X 250CC PERFUME P/ TELAS','',115.50,5,NULL,1,'640'),(400,'MECHUDITO  X 900CC','',123.20,5,NULL,1,'432'),(401,'MECHUDITO X 500 CC','',102.00,5,NULL,1,'379'),(402,'MINORA MAQ DE AFEITAR X 5 UNID.','',120.00,7,NULL,1,'644'),(403,'MINORA X UNID BLISTER ','',27.72,7,NULL,1,'378'),(404,'MOLDE DE HAMBUEGUESA GRANDE','',112.50,9,NULL,1,'595'),(405,'MOLDE DE HAMBURGUESA CHICO','',90.00,9,NULL,1,'596'),(406,'MOPA AMARILLA MAKE','',103.50,4,NULL,1,'219'),(407,'MOPA CON PALO COLOR BLANCO','',157.50,4,NULL,1,'138'),(408,'MOPA DE POLAR CON PALO','',157.50,4,NULL,1,'456'),(409,'MOPA REP LARGA  DURA MAS VERDE','',112.50,4,NULL,1,'655'),(410,'MOPA REPUESTO 33 CM P/ BALDE CENTRIFUGO','',136.00,4,NULL,1,'622'),(411,'MOPA REPUESTO AZUL ECO ','',90.00,4,NULL,1,'601'),(412,'MOPA REPUESTO BLANCA DURA MAS','',124.50,4,NULL,1,'177'),(413,'MOPA REPUESTO ECONOMICA LARGA','',105.00,4,NULL,1,'535'),(414,'NIVEA JABON TOCADOR X 125 GR','',46.50,7,NULL,1,'615'),(415,'ODEX DESINFECTANTE EN AEROSOL X 360 ML','',159.00,5,NULL,1,'604'),(416,'ODEX LIMPIADOR CREMOSO X 500 ML','',109.50,5,NULL,1,'609'),(417,'ODEX POLVO LIMPIADOR X 400 GR','',102.00,5,NULL,1,'610'),(418,'ODOL PASTA DENTAL DE NIÑO X 70 G','',64.50,7,NULL,1,'331'),(419,'ODOLITO CREMA DENTAL X 50 GR','',64.50,7,NULL,1,'691'),(420,'OFF FAMILY CREMA X 60GR','',49.50,7,NULL,1,'517'),(421,'PALA CON CABO ECOO','',150.00,4,NULL,1,'209'),(422,'PALA DE MANO','',31.50,4,NULL,1,'194'),(423,'PALA DE MANO CON GOMA','',67.50,4,NULL,1,'346'),(424,'PALA METALICA CON CABO ','',187.50,4,NULL,1,'473'),(425,'PALANGANA 5 LTS ','',93.00,9,NULL,1,'648'),(426,'PALITOS BROCHETT X 80 UNID. X 20 CM','',61.20,9,NULL,1,'282'),(427,'PANERA ','',112.50,9,NULL,1,'700'),(428,'PAÑO ABSORBENTE AZUL GRANDE 50X60 CM ','',42.00,4,NULL,1,'362'),(429,'PAÑO MICROFIBRA','',150.00,4,NULL,1,'599'),(430,'PAÑO MICROFIBRA GDE. AZUL FIBRAN','',240.04,4,NULL,1,'251'),(431,'PAPEL ALUMINIO DE 30 CM X 5 MTS','',64.60,3,NULL,1,'401'),(432,'PAPEL BOBINA 20CM PRECORTADO X 300 PAÑOS ELEGANTE','',495.00,3,NULL,1,'497'),(433,'PAPEL BOBINA 20CM X 200 MTS ELEGANTE','',450.00,3,NULL,1,'498'),(434,'PAPEL BOBINA 20CM X 400 MTS','',690.00,3,NULL,1,'499'),(435,'PAPEL BOBINA 25CM X 400 MTS','',825.00,3,NULL,1,'500'),(436,'PAPEL HIG BOBINA X 300 MTSJUMBO','',90.00,3,NULL,1,'496'),(437,'PAPEL HIG ECON 48 X 60 MTS SAN GABRIEL','',525.00,3,NULL,1,'464'),(438,'PAPEL HIG FELPITA 4 X 30 MTS ','',67.50,3,NULL,1,'463'),(439,'PAPEL HIG SAN GABRIEL X 30 MTS','',10.50,3,NULL,1,'144'),(440,'PAPEL HIG SAN GABRIEL X 80 MTS','',27.00,3,NULL,1,'142'),(441,'PAPEL HIG. MIMAR  X 300 MTS','',90.00,3,NULL,1,'591'),(442,'PAPEL HIGIENICO CAMPANITA 4 X 30 M','',47.60,3,NULL,1,'103'),(443,'PAPEL HIGIENICO SUAPEL 4 X 30 MTS','',52.50,3,NULL,1,'442'),(444,'PAPEL HIGIENOL 4 X 80M MAX PLUS ','',144.00,3,NULL,1,'393'),(445,'PAPEL PLUSMAX X UNID','',27.75,3,NULL,1,'482'),(446,'PAPEL X 100 MTS MIMAR','',30.00,3,NULL,1,'394'),(447,'PAPEL X 40 CM BOBINA X KG','',108.00,3,NULL,1,'412'),(448,'PARAGUAS','',394.40,9,NULL,1,'611'),(449,'PASA CERA','',102.00,7,NULL,1,'600'),(450,'PASTILLA DE CLORO PARA INODORO X 50G','',28.00,5,NULL,1,'190'),(451,'PASTILLA PARA INODORO INDIVIDUAL','',33.00,5,NULL,1,'191'),(452,'PASTILLA TRIPLE ACCION DE 200GR X KG','',550.00,5,NULL,1,'81'),(453,'PASTILLA TRIPLE ACCION DE 50 GR X KG','',590.00,5,NULL,1,'82'),(454,'PATRICIA ALLEM JABON X 3 UNIDADES','',67.50,7,NULL,1,'214'),(455,'PAVA N° 14','',330.00,9,NULL,1,'693'),(456,'PELOTA DE FUTBOL ADIDAS','',600.00,9,NULL,1,'334'),(457,'PERCHA PLAST X 4 ','',52.70,9,NULL,1,'289'),(458,'PERFUME P/ AUTO MINI FORMULA CONCENTRADA SAPHIRUS','',109.50,5,NULL,1,'391'),(459,'PERFUME P/ TELA POR LITRO','',320.00,2,NULL,1,'78'),(460,'PERFUME P/ TELAS 500CM3','',198.00,2,NULL,1,'541'),(461,'PERFUME PARA TELAS SAPHIRUS X 250CC','',135.00,5,NULL,1,'113'),(462,'PERFUME TEXTIL X 250 CC AEROSOFT','',122.49,5,NULL,1,'630'),(463,'PILA EVEREADY AA X 4 UNID','',78.00,10,NULL,1,'423'),(464,'PILA EVEREADY AAA X 4 UNID','',62.90,10,NULL,1,'424'),(465,'PINO DESODORANTE P/ PISO ','',28.00,2,NULL,1,'59'),(466,'PISA PAPAS FUNDI. M. MADERA','',71.40,9,NULL,1,'270'),(467,'PIZZERA ALUM SIGLO REFORZADA 35','',204.00,9,NULL,1,'303'),(468,'PIZZERA ALUM SIGLO SUPER REFORZADA','',238.00,9,NULL,1,'302'),(469,'PLANTILLA PAR SPORTSUAVE','',88.00,9,NULL,1,'168'),(470,'PLANTILLA X PAR GRUPO DEL 37 AL 43 SPORTSUAVE','',577.50,9,NULL,1,'167'),(471,'PLATO VIDRIO HONDO COSMOS','',59.50,9,NULL,1,'294'),(472,'PLATO VIDRIO HONDO ORQUIDIA','',59.50,9,NULL,1,'293'),(473,'PLATO VIDRIO PLAYO COSMOS','',59.50,9,NULL,1,'295'),(474,'PLATO VIDRIO PLAYO ORQUIDIA','',59.50,9,NULL,1,'292'),(475,'PLUMERO MAGICO COLOR','',210.00,4,NULL,1,'398'),(476,'PLUMERO MICROFIBRA ','',285.00,4,NULL,1,'1212122'),(477,'PLUMERO N°6','',645.00,4,NULL,1,'683'),(478,'PLUMERO N°1 ','',240.00,4,NULL,1,'376'),(479,'PLUMERO N°2','',262.50,4,NULL,1,'387'),(480,'PLUMERO N°3','',270.00,4,NULL,1,'388'),(481,'PLUMERO N°4','',360.00,4,NULL,1,'471'),(482,'PLUMERO N°5','',420.00,4,NULL,1,'472'),(483,'PLUSBELLE JABON 125GR TOCADOR','',48.00,7,NULL,1,'586'),(484,'PORTA ALCOHOL DE QUEMAR X 1 LT','',193.50,6,NULL,1,'653'),(485,'PORTA ROLLO DE COCINA PLASTICO','',90.00,9,NULL,1,'430'),(486,'PORTA TERMO ESTAMPADO/ FLORES/ LISO ','',476.00,9,NULL,1,'272'),(487,'PRIMAVERA DESODORANTE P/ PISO','',35.00,2,NULL,1,'69'),(488,'PROCENEXX DESODORANTE P/ PISO','',29.00,2,NULL,1,'66'),(489,'PULVERIZADOR X 1 LT MAKE','',172.50,5,NULL,1,'196'),(490,'QUITAMANCHAS OXI','',30.00,2,NULL,1,'30'),(491,'RAID AHUYENTA MOSQUITOS ESPIRAL X 12 NOCHES','',68.60,6,NULL,1,'7790520010445'),(492,'RALLADOR CILINDRICO 150G','',180.00,9,NULL,1,'271'),(493,'RALLADOR CILINDRICO HOJAL','',142.80,9,NULL,1,'669'),(494,'RALLADOR METAL SIMPLE','',120.00,9,NULL,1,'621'),(495,'REJILLA DE PABILO','',25.50,4,NULL,1,'145'),(496,'REJILLA LAVACOCHE 46X 50 ','',52.50,4,NULL,1,'236'),(497,'REJILLA P/COCHE PESADA ','',112.50,4,NULL,1,'684'),(498,'REPASADOR CUADRILLE ','',90.00,4,NULL,1,'350'),(499,'REPASADOR GUARDA FRANCES ','',112.50,4,NULL,1,'699'),(500,'REPUESTO ESCURRIDOR BALDE DESES PLAST','',96.00,4,NULL,1,'154'),(501,'RESIDUO PLAST CON TAPA X 16 LTS','',406.30,9,NULL,1,'608'),(502,'RESIDUO PLAST FLORIDA 5 LTS CON TAPA','',120.00,9,NULL,1,'7798148010144'),(503,'RESIDUO PLAST GEM 12 LTS 613-9','',263.50,9,NULL,1,'7793762096130'),(504,'RESIDUO PLAST PEDAL 12,5 LTS GARDEN','',459.00,9,NULL,1,'7896620423083'),(505,'RESIDUO PLAST VAIVE 9LTS GARDEN ','',314.50,9,NULL,1,'327'),(506,'RESIDUO PLAST VAIVEN 8 LTS ','',297.50,9,NULL,1,'789202555005'),(507,'RESIDUO PLASTICO 8 LTS C/TAPA DPH','',198.90,9,NULL,1,'7798148010199'),(508,'RESIDUO PLAT PEDAL FLORIDA 13 LTS ','',612.00,9,NULL,1,'7798148010229'),(509,'RESTO','',1.00,9,NULL,1,'566'),(510,'REXONA EFFICIENT  X 100G','',100.50,7,NULL,1,'234'),(511,'REXONA EFFICIENT X 200 GR','',178.50,7,NULL,1,'652'),(512,'REXONA JABON X125G COTTON ','',48.00,7,NULL,1,'204'),(513,'REXONA ODORONO 60 G','',97.50,7,NULL,1,'235'),(514,'ROLLO  COCINA SOL MAYOR','',57.00,3,NULL,1,'7791070003222'),(515,'ROLLO COCINA CARTABELLA X 3 UNID','',63.00,3,NULL,1,'345'),(516,'SACACORCHO 3 EN 1 ','',165.00,9,NULL,1,'701'),(517,'SACAHOJAS PARA PILETA ','',285.00,9,NULL,1,'374'),(518,'SAHUMERIO AMBAR','',54.45,9,NULL,1,'533'),(519,'SAHUMERIO ENERGIA','',30.60,9,NULL,1,'632'),(520,'SAHUMERIO GOLOKA','',61.20,9,NULL,1,'634'),(521,'SAHUMERIO GOVINDA','',51.00,9,NULL,1,'633'),(522,'SALERO-PIMIENT  PORCELANA RED','',187.00,9,NULL,1,'277'),(523,'SANITIZANTE X 250 ML SAPHIRUS','',159.00,7,NULL,1,'573'),(524,'SANITIZANTE X 500 ML SAPHIRUS','',234.00,7,NULL,1,'574'),(525,'SAPITO PARA RIEGO','',60.00,9,NULL,1,'676'),(526,'SECADOR DE DOBLE GOMA DE 40 CM','',105.00,4,NULL,1,'220'),(527,'SECADOR DE GOMA NEGRA X 30 CM','',81.00,4,NULL,1,'149'),(528,'SECADOR DE GOMA NEGRA X 40 CM','',94.50,4,NULL,1,'150'),(529,'SECADOR DE GOMA ROJA X 30 CM','',93.00,4,NULL,1,'189'),(530,'SECADOR DE GOMA ROJA X 40 CM','',120.00,4,NULL,1,'151'),(531,'SEDAL ACONDICIONADOR X 10 ML','',9.90,7,NULL,1,'582'),(532,'SEDAL SHAMPOO SACHET X 10 ML','',9.90,7,NULL,1,'581'),(533,'SET DE MANICURA ','',150.00,7,NULL,1,'522'),(534,'SET MATERO ENCASTRABLE  CROM','',160.00,9,NULL,1,'276'),(535,'SET MATERO FORRA 2 VERT PLAST + MATE  CON','',374.00,9,NULL,1,'347'),(536,'SET SALERO PIMIENTERO X 4 UNID ACERO INOXBOLSA ','',750.00,9,NULL,1,'635'),(537,'SHAMPOO PANTENNE','',35.00,7,NULL,1,'40'),(538,'SHAMPOO PARA AUTO TUTI FRUTTI','',34.00,2,NULL,1,'52'),(539,'SHAMPOO PARA MASCOTA','',33.00,2,NULL,1,'35'),(540,'SHAMPOO SEDDAL','',35.00,7,NULL,1,'491'),(541,'SHELTON INSECTICIDA ','',141.00,6,NULL,1,'397'),(542,'SIGNO JABON EN PAN X 200 GR','',34.50,5,NULL,1,'603'),(543,'SIGNO X 150 GRS JABON EN PAN  ','',25.50,5,NULL,1,'440'),(544,'SIGNO X 3 UNID TOCADOR','',58.50,5,NULL,1,'602'),(545,'SILICONA EMULSIONADA','',59.00,2,NULL,1,'53'),(546,'SILICONA EN AEROSOL EL SALVADOR','',135.15,5,NULL,1,'337'),(547,'SILICONA SOLVENTADA','',199.00,2,NULL,1,'54'),(548,'SILLA REINA NEGRA','',697.50,9,NULL,1,'643'),(549,'SINA BARREDOR DOMESTICO 35 CM','',300.00,10,NULL,1,'680'),(550,'SK JABON LIQUIDO CONCENTRADO','',34.00,2,NULL,1,'2'),(551,'SKI ECO JABON LIQUIDO','',23.00,2,NULL,1,'531'),(552,'SODA CAUSTICA LÍQUIDA','',54.00,2,NULL,1,'33'),(553,'SOPAPA FUELLE','',82.50,4,NULL,1,'436'),(554,'SOPAPA GOMA NEGRA','',45.00,4,NULL,1,'148'),(555,'SOPAPA ROJA ','',52.50,4,NULL,1,'360'),(556,'SUAVE JABON DE TOCADOR X 125GR','',30.00,7,NULL,1,'455'),(557,'SUAVE SHAMPOO X 930 ML','',117.00,7,NULL,1,'480'),(558,'SUAVIZANTE CONF AMARILLO','',29.00,2,NULL,1,'86'),(559,'SUAVIZANTE CONF BLANCO','',25.00,2,NULL,1,'14'),(560,'SUAVIZANTE CONF CELESTE','',25.00,2,NULL,1,'11'),(561,'SUAVIZANTE CONF ROSADO','',25.00,2,NULL,1,'13'),(562,'SUAVIZANTE CONF VERDE QUERU','',25.00,2,NULL,1,'642'),(563,'SUAVIZANTE CONI','',29.00,2,NULL,1,'15'),(564,'SUAVIZANTE DEDITOS FUCSIA','',25.00,2,NULL,1,'17'),(565,'SUAVIZANTE VIV CELESTE ','',29.00,2,NULL,1,'16'),(566,'TAZON AMANECER','',93.00,9,NULL,1,'681'),(567,'TELA MEDIA SOMBRA 90%','',420.00,9,NULL,1,'685'),(568,'TELA MEDIA SOMBRA 98%','',510.00,9,NULL,1,'686'),(569,'TENDEDERO CAÑO C/ ALAS SOGA','',1224.00,9,NULL,1,'304'),(570,'TENDEDERO DE ALUMINIO SIN ALAS','',1898.00,9,NULL,1,'641'),(571,'TENDER 6 BROCHES CHICO','',102.00,9,NULL,1,'285'),(572,'TENDER RED 12 BROCHES GRANDE','',202.50,9,NULL,1,'675'),(573,'TENEDOR CAROL PLAST X UNIDAD','',44.20,9,NULL,1,'258'),(574,'TERMO ALFA LUMILAGRO','',429.00,9,NULL,1,'511'),(575,'TERMO BOCA LUMILAGRO','',577.50,9,NULL,1,'510'),(576,'TERMO OLIMPICO','',561.00,9,NULL,1,'363'),(577,'TERMO PANDA CON BOMBA LUMILAGRO','',1200.00,9,NULL,1,'623'),(578,'TERMO RIVER LUMILAGRO','',577.50,9,NULL,1,'509'),(579,'TERMO SIGMA LUMILAGRO','',569.50,9,NULL,1,'512'),(580,'TERMO SUPER TERMICA LUMILAGRO','',459.00,9,NULL,1,'526'),(581,'TIJERA PUNTO ROJO','',165.00,9,NULL,1,'702'),(582,'TOALLA INTERCALADA BLANCA','',720.00,7,NULL,1,'593'),(583,'TRAPO DE PISO BLANCO','',55.50,4,NULL,1,'147'),(584,'TRAPO DE PISO GRIS','',43.50,4,NULL,1,'146'),(585,'UVA-CHICLE DESODORANTE P/PISOS','',28.00,5,NULL,1,'679'),(586,'VASO CAIRO','',49.92,9,NULL,1,'657'),(587,'VASO COCA COLA ','',75.00,9,NULL,1,'656'),(588,'VASO DE VIDRIO IRUPE','',49.30,9,NULL,1,'291'),(589,'VASO DE VIDRIO MONTECARLO','',49.30,9,NULL,1,'356'),(590,'VASO DE VIDRIO NAHUEL MERCATOR','',49.30,9,NULL,1,'290'),(591,'VASO ECONOMICO X 6 UNID','',114.00,9,NULL,1,'639'),(592,'VASO MEDIDOR X 1 LT','',57.00,9,NULL,1,'192'),(593,'VASO PINTA CERV 540ML','',117.00,9,NULL,1,'513'),(594,'VASO PLASTICO BONGO NIÑO ','',48.00,9,NULL,1,'690'),(595,'VASO PLASTICO INDYGO 475CC','',13.20,9,NULL,1,'320'),(596,'VASO VID NOBILE LISO UNIDAD ','',28.90,9,NULL,1,'325'),(597,'VELAS CHICAS EL ARRIERO','',22.50,9,NULL,1,'205'),(598,'VELAS GRANDES EL ARRIERO','',45.00,9,NULL,1,'223'),(599,'VENUS 3 MAQUINA DE AFEITAR SUMPLY ','',49.00,9,NULL,1,'433'),(600,'VERTEDOR DOBLE 1 KG YESI','',89.40,9,NULL,1,'537'),(601,'VERTEDOR PLAST YERBA / AZUCAR 550CC','',44.20,9,NULL,1,'319'),(602,'VIRULANA MARCA OK  X 12 UNID','',36.00,4,NULL,1,'162'),(603,'XMART  MAQUINA DE AFEITAR 3 HOJAS','',52.50,7,NULL,1,'495'),(604,'ZORRO DETERGENTE X 300 ML','',60.00,5,NULL,1,'525');
/*!40000 ALTER TABLE `Producto` ENABLE KEYS */;
UNLOCK TABLES;

--
-- Table structure for table `Provincia`
--

DROP TABLE IF EXISTS `Provincia`;
/*!40101 SET @saved_cs_client     = @@character_set_client */;
/*!50503 SET character_set_client = utf8mb4 */;
CREATE TABLE `Provincia` (
  `ID` smallint NOT NULL AUTO_INCREMENT,
  `nombre` varchar(100) DEFAULT NULL,
  KEY `ID` (`ID`)
) ENGINE=InnoDB AUTO_INCREMENT=95 DEFAULT CHARSET=latin1;
/*!40101 SET character_set_client = @saved_cs_client */;

--
-- Dumping data for table `Provincia`
--

LOCK TABLES `Provincia` WRITE;
/*!40000 ALTER TABLE `Provincia` DISABLE KEYS */;
INSERT INTO `Provincia` VALUES (2,'Ciudad Autónoma de Buenos Aires'),(6,'Buenos Aires'),(10,'Catamarca'),(14,'Córdoba'),(18,'Corrientes'),(22,'Chaco'),(26,'Chubut'),(30,'Entre Ríos'),(34,'Formosa'),(38,'Jujuy'),(42,'La Pampa'),(46,'La Rioja'),(50,'Mendoza'),(54,'Misiones'),(58,'Neuquén'),(62,'Río Negro'),(66,'Salta'),(70,'San Juan'),(74,'San Luis'),(78,'Santa Cruz'),(82,'Santa Fe'),(86,'Santiago del Estero'),(90,'Tucumán'),(94,'Tierra del Fuego');
/*!40000 ALTER TABLE `Provincia` ENABLE KEYS */;
UNLOCK TABLES;

--
-- Table structure for table `Stock`
--

DROP TABLE IF EXISTS `Stock`;
/*!40101 SET @saved_cs_client     = @@character_set_client */;
/*!50503 SET character_set_client = utf8mb4 */;
CREATE TABLE `Stock` (
  `ID` smallint NOT NULL AUTO_INCREMENT,
  `IDProducto` smallint DEFAULT NULL,
  `Detalle` varchar(100) DEFAULT NULL,
  `Cantidad` smallint DEFAULT NULL,
  `Minimo` smallint DEFAULT NULL,
  `inTime` timestamp NOT NULL DEFAULT CURRENT_TIMESTAMP ON UPDATE CURRENT_TIMESTAMP,
  `UserID` smallint DEFAULT NULL,
  PRIMARY KEY (`ID`)
) ENGINE=InnoDB AUTO_INCREMENT=605 DEFAULT CHARSET=latin1;
/*!40101 SET character_set_client = @saved_cs_client */;

--
-- Dumping data for table `Stock`
--

LOCK TABLES `Stock` WRITE;
/*!40000 ALTER TABLE `Stock` DISABLE KEYS */;
INSERT INTO `Stock` VALUES (1,1,'Inicialización de Stock',0,NULL,'2020-12-03 19:17:12',72),(2,2,'Inicialización de Stock',0,NULL,'2020-12-03 19:17:12',72),(3,3,'Inicialización de Stock',-5,NULL,'2020-12-03 19:17:12',72),(4,4,'Inicialización de Stock',0,NULL,'2020-12-03 19:17:12',72),(5,5,'Inicialización de Stock',0,NULL,'2020-12-03 19:17:13',72),(6,6,'Inicialización de Stock',-200,NULL,'2020-12-03 19:17:13',72),(7,7,'Inicialización de Stock',-1,NULL,'2020-12-03 19:17:13',72),(8,8,'Inicialización de Stock',0,NULL,'2020-12-03 19:17:13',72),(9,9,'Inicialización de Stock',0,NULL,'2020-12-03 19:17:13',72),(10,10,'Inicialización de Stock',0,NULL,'2020-12-03 19:17:13',72),(11,11,'Inicialización de Stock',-125,NULL,'2020-12-03 19:17:13',72),(12,12,'Inicialización de Stock',-50,NULL,'2020-12-03 19:17:13',72),(13,13,'Inicialización de Stock',-10,NULL,'2020-12-03 19:17:13',72),(14,14,'Inicialización de Stock',-5,NULL,'2020-12-03 19:17:13',72),(15,15,'Inicialización de Stock',-10,NULL,'2020-12-03 19:17:13',72),(16,16,'Inicialización de Stock',-80,NULL,'2020-12-03 19:17:13',72),(17,17,'Inicialización de Stock',0,NULL,'2020-12-03 19:17:13',72),(18,18,'Inicialización de Stock',0,NULL,'2020-12-03 19:17:13',72),(19,19,'Inicialización de Stock',0,NULL,'2020-12-03 19:17:13',72),(20,20,'Inicialización de Stock',0,NULL,'2020-12-03 19:17:13',72),(21,21,'Inicialización de Stock',0,NULL,'2020-12-03 19:17:13',72),(22,22,'Inicialización de Stock',0,NULL,'2020-12-03 19:17:13',72),(23,23,'Inicialización de Stock',-17,NULL,'2020-12-03 19:17:13',72),(24,24,'Inicialización de Stock',0,NULL,'2020-12-03 19:17:13',72),(25,25,'Inicialización de Stock',-10,NULL,'2020-12-03 19:17:13',72),(26,26,'Inicialización de Stock',-40,NULL,'2020-12-03 19:17:13',72),(27,27,'Inicialización de Stock',0,NULL,'2020-12-03 19:17:13',72),(28,28,'Inicialización de Stock',0,NULL,'2020-12-03 19:17:13',72),(29,29,'Inicialización de Stock',0,NULL,'2020-12-03 19:17:13',72),(30,30,'Inicialización de Stock',-1,NULL,'2020-12-03 19:17:13',72),(31,31,'Inicialización de Stock',0,NULL,'2020-12-03 19:17:13',72),(32,32,'Inicialización de Stock',-10,NULL,'2020-12-03 19:17:13',72),(33,33,'Inicialización de Stock',-1,NULL,'2020-12-03 19:17:13',72),(34,34,'Inicialización de Stock',-1,NULL,'2020-12-03 19:17:13',72),(35,35,'Inicialización de Stock',0,NULL,'2020-12-03 19:17:13',72),(36,36,'Inicialización de Stock',0,NULL,'2020-12-03 19:17:13',72),(37,37,'Inicialización de Stock',-45,NULL,'2020-12-03 19:17:13',72),(38,38,'Inicialización de Stock',-17,NULL,'2020-12-03 19:17:13',72),(39,39,'Inicialización de Stock',-135,NULL,'2020-12-03 19:17:13',72),(40,40,'Inicialización de Stock',0,NULL,'2020-12-03 19:17:13',72),(41,41,'Inicialización de Stock',0,NULL,'2020-12-03 19:17:13',72),(42,42,'Inicialización de Stock',-140,NULL,'2020-12-03 19:17:13',72),(43,43,'Inicialización de Stock',-3105,NULL,'2020-12-03 19:17:13',72),(44,44,'Inicialización de Stock',-4,NULL,'2020-12-03 19:17:13',72),(45,45,'Inicialización de Stock',-37,NULL,'2020-12-03 19:17:13',72),(46,46,'Inicialización de Stock',-11,NULL,'2020-12-03 19:17:13',72),(47,47,'Inicialización de Stock',0,NULL,'2020-12-03 19:17:13',72),(48,48,'Inicialización de Stock',0,NULL,'2020-12-03 19:17:13',72),(49,49,'Inicialización de Stock',0,NULL,'2020-12-03 19:17:13',72),(50,50,'Inicialización de Stock',-3,NULL,'2020-12-03 19:17:13',72),(51,51,'Inicialización de Stock',0,NULL,'2020-12-03 19:17:13',72),(52,52,'Inicialización de Stock',-9,NULL,'2020-12-03 19:17:13',72),(53,53,'Inicialización de Stock',0,NULL,'2020-12-03 19:17:13',72),(54,54,'Inicialización de Stock',-44,NULL,'2020-12-03 19:17:14',72),(55,55,'Inicialización de Stock',0,NULL,'2020-12-03 19:17:14',72),(56,56,'Inicialización de Stock',0,NULL,'2020-12-03 19:17:14',72),(57,57,'Inicialización de Stock',0,NULL,'2020-12-03 19:17:14',72),(58,58,'Inicialización de Stock',-1,NULL,'2020-12-03 19:17:14',72),(59,59,'Inicialización de Stock',0,NULL,'2020-12-03 19:17:14',72),(60,60,'Inicialización de Stock',0,NULL,'2020-12-03 19:17:14',72),(61,61,'Inicialización de Stock',-14,NULL,'2020-12-03 19:17:14',72),(62,62,'Inicialización de Stock',0,NULL,'2020-12-03 19:17:14',72),(63,63,'Inicialización de Stock',0,NULL,'2020-12-03 19:17:14',72),(64,64,'Inicialización de Stock',-12,NULL,'2020-12-03 19:17:14',72),(65,65,'Inicialización de Stock',-5,NULL,'2020-12-03 19:17:14',72),(66,66,'Inicialización de Stock',-74,NULL,'2020-12-03 19:17:14',72),(67,67,'Inicialización de Stock',0,NULL,'2020-12-03 19:17:14',72),(68,68,'Inicialización de Stock',0,NULL,'2020-12-03 19:17:14',72),(69,69,'Inicialización de Stock',0,NULL,'2020-12-03 19:17:14',72),(70,70,'Inicialización de Stock',-3,NULL,'2020-12-03 19:17:14',72),(71,71,'Inicialización de Stock',0,NULL,'2020-12-03 19:17:14',72),(72,72,'Inicialización de Stock',0,NULL,'2020-12-03 19:17:14',72),(73,73,'Inicialización de Stock',-38,NULL,'2020-12-03 19:17:14',72),(74,74,'Inicialización de Stock',0,NULL,'2020-12-03 19:17:14',72),(75,75,'Inicialización de Stock',-2,NULL,'2020-12-03 19:17:14',72),(76,76,'Inicialización de Stock',-2,NULL,'2020-12-03 19:17:14',72),(77,77,'Inicialización de Stock',0,NULL,'2020-12-03 19:17:14',72),(78,78,'Inicialización de Stock',-22,NULL,'2020-12-03 19:17:14',72),(79,79,'Inicialización de Stock',-14,NULL,'2020-12-03 19:17:14',72),(80,80,'Inicialización de Stock',-1,NULL,'2020-12-03 19:17:14',72),(81,81,'Inicialización de Stock',0,NULL,'2020-12-03 19:17:14',72),(82,82,'Inicialización de Stock',-2,NULL,'2020-12-03 19:17:14',72),(83,83,'Inicialización de Stock',0,NULL,'2020-12-03 19:17:14',72),(84,84,'Inicialización de Stock',-3,NULL,'2020-12-03 19:17:14',72),(85,85,'Inicialización de Stock',0,NULL,'2020-12-03 19:17:14',72),(86,86,'Inicialización de Stock',0,NULL,'2020-12-03 19:17:14',72),(87,87,'Inicialización de Stock',0,NULL,'2020-12-03 19:17:14',72),(88,88,'Inicialización de Stock',-2,NULL,'2020-12-03 19:17:14',72),(89,89,'Inicialización de Stock',0,NULL,'2020-12-03 19:17:14',72),(90,90,'Inicialización de Stock',0,NULL,'2020-12-03 19:17:14',72),(91,91,'Inicialización de Stock',0,NULL,'2020-12-03 19:17:14',72),(92,92,'Inicialización de Stock',0,NULL,'2020-12-03 19:17:14',72),(93,93,'Inicialización de Stock',0,NULL,'2020-12-03 19:17:14',72),(94,94,'Inicialización de Stock',-22,NULL,'2020-12-03 19:17:14',72),(95,95,'Inicialización de Stock',-3,NULL,'2020-12-03 19:17:14',72),(96,96,'Inicialización de Stock',0,NULL,'2020-12-03 19:17:14',72),(97,97,'Inicialización de Stock',-3,NULL,'2020-12-03 19:17:14',72),(98,98,'Inicialización de Stock',0,NULL,'2020-12-03 19:17:14',72),(99,99,'Inicialización de Stock',0,NULL,'2020-12-03 19:17:14',72),(100,100,'Inicialización de Stock',0,NULL,'2020-12-03 19:17:14',72),(101,101,'Inicialización de Stock',0,NULL,'2020-12-03 19:17:14',72),(102,102,'Inicialización de Stock',-5,NULL,'2020-12-03 19:17:14',72),(103,103,'Inicialización de Stock',0,NULL,'2020-12-03 19:17:14',72),(104,104,'Inicialización de Stock',-12,NULL,'2020-12-03 19:17:14',72),(105,105,'Inicialización de Stock',0,NULL,'2020-12-03 19:17:14',72),(106,106,'Inicialización de Stock',-25,NULL,'2020-12-03 19:17:14',72),(107,107,'Inicialización de Stock',0,NULL,'2020-12-03 19:17:14',72),(108,108,'Inicialización de Stock',-50,NULL,'2020-12-03 19:17:14',72),(109,109,'Inicialización de Stock',-120,NULL,'2020-12-03 19:17:14',72),(110,110,'Inicialización de Stock',-3,NULL,'2020-12-03 19:17:14',72),(111,111,'Inicialización de Stock',-9,NULL,'2020-12-03 19:17:14',72),(112,112,'Inicialización de Stock',-2,NULL,'2020-12-03 19:17:14',72),(113,113,'Inicialización de Stock',-3,NULL,'2020-12-03 19:17:14',72),(114,114,'Inicialización de Stock',0,NULL,'2020-12-03 19:17:14',72),(115,115,'Inicialización de Stock',0,NULL,'2020-12-03 19:17:14',72),(116,116,'Inicialización de Stock',-14,NULL,'2020-12-03 19:17:15',72),(117,117,'Inicialización de Stock',-37,NULL,'2020-12-03 19:17:15',72),(118,118,'Inicialización de Stock',0,NULL,'2020-12-03 19:17:15',72),(119,119,'Inicialización de Stock',0,NULL,'2020-12-03 19:17:15',72),(120,120,'Inicialización de Stock',0,NULL,'2020-12-03 19:17:15',72),(121,121,'Inicialización de Stock',-8,NULL,'2020-12-03 19:17:15',72),(122,122,'Inicialización de Stock',0,NULL,'2020-12-03 19:17:15',72),(123,123,'Inicialización de Stock',-25,NULL,'2020-12-03 19:17:15',72),(124,124,'Inicialización de Stock',-170,NULL,'2020-12-03 19:17:15',72),(125,125,'Inicialización de Stock',-11,NULL,'2020-12-03 19:17:15',72),(126,126,'Inicialización de Stock',-3,NULL,'2020-12-03 19:17:15',72),(127,127,'Inicialización de Stock',0,NULL,'2020-12-03 19:17:15',72),(128,128,'Inicialización de Stock',-2,NULL,'2020-12-03 19:17:15',72),(129,129,'Inicialización de Stock',-8,NULL,'2020-12-03 19:17:15',72),(130,130,'Inicialización de Stock',-34,NULL,'2020-12-03 19:17:15',72),(131,131,'Inicialización de Stock',-3,NULL,'2020-12-03 19:17:15',72),(132,132,'Inicialización de Stock',0,NULL,'2020-12-03 19:17:15',72),(133,133,'Inicialización de Stock',0,NULL,'2020-12-03 19:17:15',72),(134,134,'Inicialización de Stock',0,NULL,'2020-12-03 19:17:15',72),(135,135,'Inicialización de Stock',0,NULL,'2020-12-03 19:17:15',72),(136,136,'Inicialización de Stock',0,NULL,'2020-12-03 19:17:15',72),(137,137,'Inicialización de Stock',-1,NULL,'2020-12-03 19:17:15',72),(138,138,'Inicialización de Stock',-8,NULL,'2020-12-03 19:17:15',72),(139,139,'Inicialización de Stock',-10,NULL,'2020-12-03 19:17:15',72),(140,140,'Inicialización de Stock',0,NULL,'2020-12-03 19:17:15',72),(141,141,'Inicialización de Stock',0,NULL,'2020-12-03 19:17:15',72),(142,142,'Inicialización de Stock',-2,NULL,'2020-12-03 19:17:15',72),(143,143,'Inicialización de Stock',0,NULL,'2020-12-03 19:17:15',72),(144,144,'Inicialización de Stock',0,NULL,'2020-12-03 19:17:15',72),(145,145,'Inicialización de Stock',-10,NULL,'2020-12-03 19:17:15',72),(146,146,'Inicialización de Stock',0,NULL,'2020-12-03 19:17:15',72),(147,147,'Inicialización de Stock',0,NULL,'2020-12-03 19:17:15',72),(148,148,'Inicialización de Stock',-10,NULL,'2020-12-03 19:17:15',72),(149,149,'Inicialización de Stock',0,NULL,'2020-12-03 19:17:15',72),(150,150,'Inicialización de Stock',0,NULL,'2020-12-03 19:17:15',72),(151,151,'Inicialización de Stock',-2,NULL,'2020-12-03 19:17:15',72),(152,152,'Inicialización de Stock',0,NULL,'2020-12-03 19:17:15',72),(153,153,'Inicialización de Stock',-160,NULL,'2020-12-03 19:17:15',72),(154,154,'Inicialización de Stock',-45,NULL,'2020-12-03 19:17:15',72),(155,155,'Inicialización de Stock',-30,NULL,'2020-12-03 19:17:15',72),(156,156,'Inicialización de Stock',0,NULL,'2020-12-03 19:17:15',72),(157,157,'Inicialización de Stock',0,NULL,'2020-12-03 19:17:15',72),(158,158,'Inicialización de Stock',-4,NULL,'2020-12-03 19:17:15',72),(159,159,'Inicialización de Stock',-5,NULL,'2020-12-03 19:17:15',72),(160,160,'Inicialización de Stock',0,NULL,'2020-12-03 19:17:15',72),(161,161,'Inicialización de Stock',0,NULL,'2020-12-03 19:17:15',72),(162,162,'Inicialización de Stock',-3,NULL,'2020-12-03 19:17:15',72),(163,163,'Inicialización de Stock',0,NULL,'2020-12-03 19:17:15',72),(164,164,'Inicialización de Stock',0,NULL,'2020-12-03 19:17:15',72),(165,165,'Inicialización de Stock',0,NULL,'2020-12-03 19:17:15',72),(166,166,'Inicialización de Stock',-8,NULL,'2020-12-03 19:17:15',72),(167,167,'Inicialización de Stock',0,NULL,'2020-12-03 19:17:15',72),(168,168,'Inicialización de Stock',0,NULL,'2020-12-03 19:17:15',72),(169,169,'Inicialización de Stock',0,NULL,'2020-12-03 19:17:15',72),(170,170,'Inicialización de Stock',0,NULL,'2020-12-03 19:17:15',72),(171,171,'Inicialización de Stock',0,NULL,'2020-12-03 19:17:15',72),(172,172,'Inicialización de Stock',0,NULL,'2020-12-03 19:17:15',72),(173,173,'Inicialización de Stock',-5,NULL,'2020-12-03 19:17:15',72),(174,174,'Inicialización de Stock',0,NULL,'2020-12-03 19:17:15',72),(175,175,'Inicialización de Stock',0,NULL,'2020-12-03 19:17:15',72),(176,176,'Inicialización de Stock',-300,NULL,'2020-12-03 19:17:15',72),(177,177,'Inicialización de Stock',0,NULL,'2020-12-03 19:17:16',72),(178,178,'Inicialización de Stock',-3,NULL,'2020-12-03 19:17:16',72),(179,179,'Inicialización de Stock',0,NULL,'2020-12-03 19:17:16',72),(180,180,'Inicialización de Stock',0,NULL,'2020-12-03 19:17:16',72),(181,181,'Inicialización de Stock',0,NULL,'2020-12-03 19:17:16',72),(182,182,'Inicialización de Stock',-12,NULL,'2020-12-03 19:17:16',72),(183,183,'Inicialización de Stock',0,NULL,'2020-12-03 19:17:16',72),(184,184,'Inicialización de Stock',0,NULL,'2020-12-03 19:17:16',72),(185,185,'Inicialización de Stock',0,NULL,'2020-12-03 19:17:16',72),(186,186,'Inicialización de Stock',0,NULL,'2020-12-03 19:17:16',72),(187,187,'Inicialización de Stock',0,NULL,'2020-12-03 19:17:16',72),(188,188,'Inicialización de Stock',0,NULL,'2020-12-03 19:17:16',72),(189,189,'Inicialización de Stock',0,NULL,'2020-12-03 19:17:16',72),(190,190,'Inicialización de Stock',-8,NULL,'2020-12-03 19:17:16',72),(191,191,'Inicialización de Stock',0,NULL,'2020-12-03 19:17:16',72),(192,192,'Inicialización de Stock',0,NULL,'2020-12-03 19:17:16',72),(193,193,'Inicialización de Stock',-40,NULL,'2020-12-03 19:17:16',72),(194,194,'Inicialización de Stock',0,NULL,'2020-12-03 19:17:16',72),(195,195,'Inicialización de Stock',0,NULL,'2020-12-03 19:17:16',72),(196,196,'Inicialización de Stock',0,NULL,'2020-12-03 19:17:16',72),(197,197,'Inicialización de Stock',-2,NULL,'2020-12-03 19:17:16',72),(198,198,'Inicialización de Stock',0,NULL,'2020-12-03 19:17:16',72),(199,199,'Inicialización de Stock',0,NULL,'2020-12-03 19:17:16',72),(200,200,'Inicialización de Stock',0,NULL,'2020-12-03 19:17:16',72),(201,201,'Inicialización de Stock',-6,NULL,'2020-12-03 19:17:16',72),(202,202,'Inicialización de Stock',-3,NULL,'2020-12-03 19:17:16',72),(203,203,'Inicialización de Stock',-55,NULL,'2020-12-03 19:17:16',72),(204,204,'Inicialización de Stock',-40,NULL,'2020-12-03 19:17:16',72),(205,205,'Inicialización de Stock',-270,NULL,'2020-12-03 19:17:16',72),(206,206,'Inicialización de Stock',-60,NULL,'2020-12-03 19:17:16',72),(207,207,'Inicialización de Stock',0,NULL,'2020-12-03 19:17:16',72),(208,208,'Inicialización de Stock',-55,NULL,'2020-12-03 19:17:16',72),(209,209,'Inicialización de Stock',-10,NULL,'2020-12-03 19:17:16',72),(210,210,'Inicialización de Stock',-320,NULL,'2020-12-03 19:17:16',72),(211,211,'Inicialización de Stock',-5,NULL,'2020-12-03 19:17:16',72),(212,212,'Inicialización de Stock',-50,NULL,'2020-12-03 19:17:16',72),(213,213,'Inicialización de Stock',-250,NULL,'2020-12-03 19:17:16',72),(214,214,'Inicialización de Stock',-120,NULL,'2020-12-03 19:17:16',72),(215,215,'Inicialización de Stock',0,NULL,'2020-12-03 19:17:16',72),(216,216,'Inicialización de Stock',0,NULL,'2020-12-03 19:17:16',72),(217,217,'Inicialización de Stock',-3,NULL,'2020-12-03 19:17:16',72),(218,218,'Inicialización de Stock',0,NULL,'2020-12-03 19:17:16',72),(219,219,'Inicialización de Stock',0,NULL,'2020-12-03 19:17:16',72),(220,220,'Inicialización de Stock',-8,NULL,'2020-12-03 19:17:16',72),(221,221,'Inicialización de Stock',-12,NULL,'2020-12-03 19:17:16',72),(222,222,'Inicialización de Stock',-4,NULL,'2020-12-03 19:17:16',72),(223,223,'Inicialización de Stock',0,NULL,'2020-12-03 19:17:16',72),(224,224,'Inicialización de Stock',0,NULL,'2020-12-03 19:17:16',72),(225,225,'Inicialización de Stock',-7,NULL,'2020-12-03 19:17:16',72),(226,226,'Inicialización de Stock',-4,NULL,'2020-12-03 19:17:16',72),(227,227,'Inicialización de Stock',0,NULL,'2020-12-03 19:17:16',72),(228,228,'Inicialización de Stock',0,NULL,'2020-12-03 19:17:16',72),(229,229,'Inicialización de Stock',-1,NULL,'2020-12-03 19:17:16',72),(230,230,'Inicialización de Stock',0,NULL,'2020-12-03 19:17:16',72),(231,231,'Inicialización de Stock',0,NULL,'2020-12-03 19:17:16',72),(232,232,'Inicialización de Stock',-10,NULL,'2020-12-03 19:17:16',72),(233,233,'Inicialización de Stock',0,NULL,'2020-12-03 19:17:16',72),(234,234,'Inicialización de Stock',0,NULL,'2020-12-03 19:17:16',72),(235,235,'Inicialización de Stock',0,NULL,'2020-12-03 19:17:16',72),(236,236,'Inicialización de Stock',0,NULL,'2020-12-03 19:17:16',72),(237,237,'Inicialización de Stock',-16,NULL,'2020-12-03 19:17:16',72),(238,238,'Inicialización de Stock',-22,NULL,'2020-12-03 19:17:16',72),(239,239,'Inicialización de Stock',0,NULL,'2020-12-03 19:17:16',72),(240,240,'Inicialización de Stock',-2,NULL,'2020-12-03 19:17:17',72),(241,241,'Inicialización de Stock',-7,NULL,'2020-12-03 19:17:17',72),(242,242,'Inicialización de Stock',0,NULL,'2020-12-03 19:17:17',72),(243,243,'Inicialización de Stock',-1,NULL,'2020-12-03 19:17:17',72),(244,244,'Inicialización de Stock',0,NULL,'2020-12-03 19:17:17',72),(245,245,'Inicialización de Stock',-18,NULL,'2020-12-03 19:17:17',72),(246,246,'Inicialización de Stock',0,NULL,'2020-12-03 19:17:17',72),(247,247,'Inicialización de Stock',-20,NULL,'2020-12-03 19:17:17',72),(248,248,'Inicialización de Stock',-5,NULL,'2020-12-03 19:17:17',72),(249,249,'Inicialización de Stock',-2,NULL,'2020-12-03 19:17:17',72),(250,250,'Inicialización de Stock',-1,NULL,'2020-12-03 19:17:17',72),(251,251,'Inicialización de Stock',-10,NULL,'2020-12-03 19:17:17',72),(252,252,'Inicialización de Stock',-5,NULL,'2020-12-03 19:17:17',72),(253,253,'Inicialización de Stock',0,NULL,'2020-12-03 19:17:17',72),(254,254,'Inicialización de Stock',0,NULL,'2020-12-03 19:17:17',72),(255,255,'Inicialización de Stock',-79,NULL,'2020-12-03 19:17:17',72),(256,256,'Inicialización de Stock',0,NULL,'2020-12-03 19:17:17',72),(257,257,'Inicialización de Stock',-8,NULL,'2020-12-03 19:17:17',72),(258,258,'Inicialización de Stock',-7,NULL,'2020-12-03 19:17:17',72),(259,259,'Inicialización de Stock',-20,NULL,'2020-12-03 19:18:22',72),(260,260,'Inicialización de Stock',0,NULL,'2020-12-03 19:18:22',72),(261,261,'Inicialización de Stock',0,NULL,'2020-12-03 19:18:22',72),(262,262,'Inicialización de Stock',-6,NULL,'2020-12-03 19:18:22',72),(263,263,'Inicialización de Stock',0,NULL,'2020-12-03 19:18:22',72),(264,264,'Inicialización de Stock',-6,NULL,'2020-12-03 19:18:22',72),(265,265,'Inicialización de Stock',0,NULL,'2020-12-03 19:18:22',72),(266,266,'Inicialización de Stock',-55,NULL,'2020-12-03 19:18:22',72),(267,267,'Inicialización de Stock',-5,NULL,'2020-12-03 19:18:22',72),(268,268,'Inicialización de Stock',0,NULL,'2020-12-03 19:18:22',72),(269,269,'Inicialización de Stock',-3,NULL,'2020-12-03 19:18:22',72),(270,270,'Inicialización de Stock',-2,NULL,'2020-12-03 19:18:22',72),(271,271,'Inicialización de Stock',-20,NULL,'2020-12-03 19:18:22',72),(272,272,'Inicialización de Stock',0,NULL,'2020-12-03 19:18:22',72),(273,273,'Inicialización de Stock',0,NULL,'2020-12-03 19:18:22',72),(274,274,'Inicialización de Stock',0,NULL,'2020-12-03 19:18:22',72),(275,275,'Inicialización de Stock',-12,NULL,'2020-12-03 19:18:22',72),(276,276,'Inicialización de Stock',-14,NULL,'2020-12-03 19:18:22',72),(277,277,'Inicialización de Stock',0,NULL,'2020-12-03 19:18:22',72),(278,278,'Inicialización de Stock',0,NULL,'2020-12-03 19:18:22',72),(279,279,'Inicialización de Stock',0,NULL,'2020-12-03 19:18:22',72),(280,280,'Inicialización de Stock',0,NULL,'2020-12-03 19:18:22',72),(281,281,'Inicialización de Stock',0,NULL,'2020-12-03 19:18:22',72),(282,282,'Inicialización de Stock',0,NULL,'2020-12-03 19:18:22',72),(283,283,'Inicialización de Stock',-21,NULL,'2020-12-03 19:18:22',72),(284,284,'Inicialización de Stock',0,NULL,'2020-12-03 19:18:22',72),(285,285,'Inicialización de Stock',-30,NULL,'2020-12-03 19:18:22',72),(286,286,'Inicialización de Stock',-2,NULL,'2020-12-03 19:18:22',72),(287,287,'Inicialización de Stock',0,NULL,'2020-12-03 19:18:22',72),(288,288,'Inicialización de Stock',0,NULL,'2020-12-03 19:18:22',72),(289,289,'Inicialización de Stock',0,NULL,'2020-12-03 19:18:22',72),(290,290,'Inicialización de Stock',0,NULL,'2020-12-03 19:18:22',72),(291,291,'Inicialización de Stock',-6,NULL,'2020-12-03 19:18:22',72),(292,292,'Inicialización de Stock',0,NULL,'2020-12-03 19:18:22',72),(293,293,'Inicialización de Stock',0,NULL,'2020-12-03 19:18:22',72),(294,294,'Inicialización de Stock',0,NULL,'2020-12-03 19:18:22',72),(295,295,'Inicialización de Stock',0,NULL,'2020-12-03 19:18:22',72),(296,296,'Inicialización de Stock',0,NULL,'2020-12-03 19:18:22',72),(297,297,'Inicialización de Stock',0,NULL,'2020-12-03 19:18:22',72),(298,298,'Inicialización de Stock',-284,NULL,'2020-12-03 19:18:22',72),(299,299,'Inicialización de Stock',-600,NULL,'2020-12-03 19:18:22',72),(300,300,'Inicialización de Stock',0,NULL,'2020-12-03 19:18:22',72),(301,301,'Inicialización de Stock',0,NULL,'2020-12-03 19:18:22',72),(302,302,'Inicialización de Stock',-20,NULL,'2020-12-03 19:18:22',72),(303,303,'Inicialización de Stock',0,NULL,'2020-12-03 19:18:22',72),(304,304,'Inicialización de Stock',-20,NULL,'2020-12-03 19:18:22',72),(305,305,'Inicialización de Stock',0,NULL,'2020-12-03 19:18:22',72),(306,306,'Inicialización de Stock',0,NULL,'2020-12-03 19:18:22',72),(307,307,'Inicialización de Stock',-140,NULL,'2020-12-03 19:18:23',72),(308,308,'Inicialización de Stock',-5,NULL,'2020-12-03 19:18:23',72),(309,309,'Inicialización de Stock',-20,NULL,'2020-12-03 19:18:23',72),(310,310,'Inicialización de Stock',-15,NULL,'2020-12-03 19:18:23',72),(311,311,'Inicialización de Stock',0,NULL,'2020-12-03 19:18:23',72),(312,312,'Inicialización de Stock',-25,NULL,'2020-12-03 19:18:23',72),(313,313,'Inicialización de Stock',0,NULL,'2020-12-03 19:18:23',72),(314,314,'Inicialización de Stock',-2,NULL,'2020-12-03 19:18:23',72),(315,315,'Inicialización de Stock',0,NULL,'2020-12-03 19:18:23',72),(316,316,'Inicialización de Stock',0,NULL,'2020-12-03 19:18:23',72),(317,317,'Inicialización de Stock',0,NULL,'2020-12-03 19:18:23',72),(318,318,'Inicialización de Stock',0,NULL,'2020-12-03 19:18:23',72),(319,319,'Inicialización de Stock',0,NULL,'2020-12-03 19:18:23',72),(320,320,'Inicialización de Stock',0,NULL,'2020-12-03 19:18:23',72),(321,321,'Inicialización de Stock',0,NULL,'2020-12-03 19:18:23',72),(322,322,'Inicialización de Stock',0,NULL,'2020-12-03 19:18:23',72),(323,323,'Inicialización de Stock',0,NULL,'2020-12-03 19:18:23',72),(324,324,'Inicialización de Stock',-10,NULL,'2020-12-03 19:18:23',72),(325,325,'Inicialización de Stock',0,NULL,'2020-12-03 19:18:23',72),(326,326,'Inicialización de Stock',-2,NULL,'2020-12-03 19:18:23',72),(327,327,'Inicialización de Stock',-3,NULL,'2020-12-03 19:18:23',72),(328,328,'Inicialización de Stock',0,NULL,'2020-12-03 19:18:23',72),(329,329,'Inicialización de Stock',0,NULL,'2020-12-03 19:18:23',72),(330,330,'Inicialización de Stock',-15,NULL,'2020-12-03 19:18:23',72),(331,331,'Inicialización de Stock',-20,NULL,'2020-12-03 19:18:23',72),(332,332,'Inicialización de Stock',0,NULL,'2020-12-03 19:18:23',72),(333,333,'Inicialización de Stock',0,NULL,'2020-12-03 19:18:23',72),(334,334,'Inicialización de Stock',-40,NULL,'2020-12-03 19:18:23',72),(335,335,'Inicialización de Stock',0,NULL,'2020-12-03 19:18:23',72),(336,336,'Inicialización de Stock',-2,NULL,'2020-12-03 19:18:23',72),(337,337,'Inicialización de Stock',0,NULL,'2020-12-03 19:18:23',72),(338,338,'Inicialización de Stock',-2,NULL,'2020-12-03 19:18:23',72),(339,339,'Inicialización de Stock',-6,NULL,'2020-12-03 19:18:23',72),(340,340,'Inicialización de Stock',-6,NULL,'2020-12-03 19:18:23',72),(341,341,'Inicialización de Stock',-27,NULL,'2020-12-03 19:18:23',72),(342,342,'Inicialización de Stock',-6,NULL,'2020-12-03 19:18:23',72),(343,343,'Inicialización de Stock',0,NULL,'2020-12-03 19:18:23',72),(344,344,'Inicialización de Stock',-5,NULL,'2020-12-03 19:18:23',72),(345,345,'Inicialización de Stock',-6,NULL,'2020-12-03 19:18:23',72),(346,346,'Inicialización de Stock',0,NULL,'2020-12-03 19:18:23',72),(347,347,'Inicialización de Stock',0,NULL,'2020-12-03 19:18:23',72),(348,348,'Inicialización de Stock',-1,NULL,'2020-12-03 19:18:23',72),(349,349,'Inicialización de Stock',0,NULL,'2020-12-03 19:18:23',72),(350,350,'Inicialización de Stock',-220,NULL,'2020-12-03 19:18:23',72),(351,351,'Inicialización de Stock',-15,NULL,'2020-12-03 19:18:23',72),(352,352,'Inicialización de Stock',-75,NULL,'2020-12-03 19:18:23',72),(353,353,'Inicialización de Stock',-30,NULL,'2020-12-03 19:18:23',72),(354,354,'Inicialización de Stock',-5,NULL,'2020-12-03 19:18:23',72),(355,355,'Inicialización de Stock',-9,NULL,'2020-12-03 19:18:23',72),(356,356,'Inicialización de Stock',-5,NULL,'2020-12-03 19:18:23',72),(357,357,'Inicialización de Stock',-35,NULL,'2020-12-03 19:18:23',72),(358,358,'Inicialización de Stock',-3,NULL,'2020-12-03 19:18:23',72),(359,359,'Inicialización de Stock',-6,NULL,'2020-12-03 19:18:23',72),(360,360,'Inicialización de Stock',0,NULL,'2020-12-03 19:18:24',72),(361,361,'Inicialización de Stock',0,NULL,'2020-12-03 19:18:24',72),(362,362,'Inicialización de Stock',0,NULL,'2020-12-03 19:18:24',72),(363,363,'Inicialización de Stock',0,NULL,'2020-12-03 19:18:24',72),(364,364,'Inicialización de Stock',0,NULL,'2020-12-03 19:18:24',72),(365,365,'Inicialización de Stock',0,NULL,'2020-12-03 19:18:24',72),(366,366,'Inicialización de Stock',-420,NULL,'2020-12-03 19:18:24',72),(367,367,'Inicialización de Stock',-65,NULL,'2020-12-03 19:18:24',72),(368,368,'Inicialización de Stock',0,NULL,'2020-12-03 19:18:24',72),(369,369,'Inicialización de Stock',0,NULL,'2020-12-03 19:18:24',72),(370,370,'Inicialización de Stock',0,NULL,'2020-12-03 19:18:24',72),(371,371,'Inicialización de Stock',0,NULL,'2020-12-03 19:18:24',72),(372,372,'Inicialización de Stock',0,NULL,'2020-12-03 19:18:24',72),(373,373,'Inicialización de Stock',0,NULL,'2020-12-03 19:18:24',72),(374,374,'Inicialización de Stock',-25,NULL,'2020-12-03 19:18:24',72),(375,375,'Inicialización de Stock',0,NULL,'2020-12-03 19:18:24',72),(376,376,'Inicialización de Stock',0,NULL,'2020-12-03 19:18:24',72),(377,377,'Inicialización de Stock',0,NULL,'2020-12-03 19:18:24',72),(378,378,'Inicialización de Stock',-2,NULL,'2020-12-03 19:18:24',72),(379,379,'Inicialización de Stock',-4,NULL,'2020-12-03 19:18:24',72),(380,380,'Inicialización de Stock',0,NULL,'2020-12-03 19:18:24',72),(381,381,'Inicialización de Stock',0,NULL,'2020-12-03 19:18:24',72),(382,382,'Inicialización de Stock',0,NULL,'2020-12-03 19:18:24',72),(383,383,'Inicialización de Stock',0,NULL,'2020-12-03 19:18:24',72),(384,384,'Inicialización de Stock',0,NULL,'2020-12-03 19:18:24',72),(385,385,'Inicialización de Stock',0,NULL,'2020-12-03 19:18:24',72),(386,386,'Inicialización de Stock',-1,NULL,'2020-12-03 19:18:24',72),(387,387,'Inicialización de Stock',0,NULL,'2020-12-03 19:18:24',72),(388,388,'Inicialización de Stock',-15,NULL,'2020-12-03 19:18:24',72),(389,389,'Inicialización de Stock',0,NULL,'2020-12-03 19:18:24',72),(390,390,'Inicialización de Stock',0,NULL,'2020-12-03 19:18:25',72),(391,391,'Inicialización de Stock',0,NULL,'2020-12-03 19:18:25',72),(392,392,'Inicialización de Stock',0,NULL,'2020-12-03 19:18:25',72),(393,393,'Inicialización de Stock',0,NULL,'2020-12-03 19:18:25',72),(394,394,'Inicialización de Stock',0,NULL,'2020-12-03 19:18:25',72),(395,395,'Inicialización de Stock',0,NULL,'2020-12-03 19:18:25',72),(396,396,'Inicialización de Stock',0,NULL,'2020-12-03 19:18:25',72),(397,397,'Inicialización de Stock',-3,NULL,'2020-12-03 19:18:25',72),(398,398,'Inicialización de Stock',0,NULL,'2020-12-03 19:18:25',72),(399,399,'Inicialización de Stock',-10,NULL,'2020-12-03 19:18:25',72),(400,400,'Inicialización de Stock',0,NULL,'2020-12-03 19:18:25',72),(401,401,'Inicialización de Stock',0,NULL,'2020-12-03 19:18:25',72),(402,402,'Inicialización de Stock',0,NULL,'2020-12-03 19:18:25',72),(403,403,'Inicialización de Stock',0,NULL,'2020-12-03 19:18:25',72),(404,404,'Inicialización de Stock',0,NULL,'2020-12-03 19:20:33',72),(405,405,'Inicialización de Stock',0,NULL,'2020-12-03 19:20:33',72),(406,406,'Inicialización de Stock',0,NULL,'2020-12-03 19:20:33',72),(407,407,'Inicialización de Stock',-11,NULL,'2020-12-03 19:20:33',72),(408,408,'Inicialización de Stock',0,NULL,'2020-12-03 19:20:33',72),(409,409,'Inicialización de Stock',-2,NULL,'2020-12-03 19:20:33',72),(410,410,'Inicialización de Stock',0,NULL,'2020-12-03 19:20:33',72),(411,411,'Inicialización de Stock',-33,NULL,'2020-12-03 19:20:33',72),(412,412,'Inicialización de Stock',-11,NULL,'2020-12-03 19:20:33',72),(413,413,'Inicialización de Stock',0,NULL,'2020-12-03 19:20:33',72),(414,414,'Inicialización de Stock',-2,NULL,'2020-12-03 19:20:33',72),(415,415,'Inicialización de Stock',0,NULL,'2020-12-03 19:20:33',72),(416,416,'Inicialización de Stock',0,NULL,'2020-12-03 19:20:33',72),(417,417,'Inicialización de Stock',-6,NULL,'2020-12-03 19:20:33',72),(418,418,'Inicialización de Stock',0,NULL,'2020-12-03 19:20:33',72),(419,419,'Inicialización de Stock',-12,NULL,'2020-12-03 19:20:33',72),(420,420,'Inicialización de Stock',0,NULL,'2020-12-03 19:20:33',72),(421,421,'Inicialización de Stock',-3,NULL,'2020-12-03 19:20:33',72),(422,422,'Inicialización de Stock',0,NULL,'2020-12-03 19:20:33',72),(423,423,'Inicialización de Stock',0,NULL,'2020-12-03 19:20:33',72),(424,424,'Inicialización de Stock',-1,NULL,'2020-12-03 19:20:33',72),(425,425,'Inicialización de Stock',-1,NULL,'2020-12-03 19:20:33',72),(426,426,'Inicialización de Stock',-16,NULL,'2020-12-03 19:20:33',72),(427,427,'Inicialización de Stock',0,NULL,'2020-12-03 19:20:33',72),(428,428,'Inicialización de Stock',0,NULL,'2020-12-03 19:20:33',72),(429,429,'Inicialización de Stock',-11,NULL,'2020-12-03 19:20:33',72),(430,430,'Inicialización de Stock',-3,NULL,'2020-12-03 19:20:33',72),(431,431,'Inicialización de Stock',-4,NULL,'2020-12-03 19:20:33',72),(432,432,'Inicialización de Stock',0,NULL,'2020-12-03 19:20:33',72),(433,433,'Inicialización de Stock',-2,NULL,'2020-12-03 19:20:33',72),(434,434,'Inicialización de Stock',0,NULL,'2020-12-03 19:20:33',72),(435,435,'Inicialización de Stock',-4,NULL,'2020-12-03 19:20:33',72),(436,436,'Inicialización de Stock',0,NULL,'2020-12-03 19:20:33',72),(437,437,'Inicialización de Stock',0,NULL,'2020-12-03 19:20:33',72),(438,438,'Inicialización de Stock',0,NULL,'2020-12-03 19:20:33',72),(439,439,'Inicialización de Stock',0,NULL,'2020-12-03 19:20:34',72),(440,440,'Inicialización de Stock',0,NULL,'2020-12-03 19:20:34',72),(441,441,'Inicialización de Stock',-10,NULL,'2020-12-03 19:20:34',72),(442,442,'Inicialización de Stock',0,NULL,'2020-12-03 19:20:34',72),(443,443,'Inicialización de Stock',-36,NULL,'2020-12-03 19:20:34',72),(444,444,'Inicialización de Stock',0,NULL,'2020-12-03 19:20:34',72),(445,445,'Inicialización de Stock',-321,NULL,'2020-12-03 19:20:34',72),(446,446,'Inicialización de Stock',0,NULL,'2020-12-03 19:20:34',72),(447,447,'Inicialización de Stock',0,NULL,'2020-12-03 19:20:34',72),(448,448,'Inicialización de Stock',-9,NULL,'2020-12-03 19:20:34',72),(449,449,'Inicialización de Stock',0,NULL,'2020-12-03 19:20:34',72),(450,450,'Inicialización de Stock',0,NULL,'2020-12-03 19:20:34',72),(451,451,'Inicialización de Stock',-45,NULL,'2020-12-03 19:20:34',72),(452,452,'Inicialización de Stock',-10,NULL,'2020-12-03 19:20:34',72),(453,453,'Inicialización de Stock',-20,NULL,'2020-12-03 19:21:44',72),(454,454,'Inicialización de Stock',0,NULL,'2020-12-03 19:22:53',72),(455,455,'Inicialización de Stock',0,NULL,'2020-12-03 19:22:53',72),(456,456,'Inicialización de Stock',0,NULL,'2020-12-03 19:22:53',72),(457,457,'Inicialización de Stock',-4,NULL,'2020-12-03 19:22:53',72),(458,458,'Inicialización de Stock',0,NULL,'2020-12-03 19:22:53',72),(459,459,'Inicialización de Stock',-3,NULL,'2020-12-03 19:22:53',72),(460,460,'Inicialización de Stock',-2,NULL,'2020-12-03 19:22:53',72),(461,461,'Inicialización de Stock',-41,NULL,'2020-12-03 19:22:53',72),(462,462,'Inicialización de Stock',0,NULL,'2020-12-03 19:22:53',72),(463,463,'Inicialización de Stock',0,NULL,'2020-12-03 19:22:53',72),(464,464,'Inicialización de Stock',0,NULL,'2020-12-03 19:22:53',72),(465,465,'Inicialización de Stock',-50,NULL,'2020-12-03 19:22:53',72),(466,466,'Inicialización de Stock',0,NULL,'2020-12-03 19:22:53',72),(467,467,'Inicialización de Stock',0,NULL,'2020-12-03 19:22:53',72),(468,468,'Inicialización de Stock',0,NULL,'2020-12-03 19:22:53',72),(469,469,'Inicialización de Stock',-3,NULL,'2020-12-03 19:22:53',72),(470,470,'Inicialización de Stock',0,NULL,'2020-12-03 19:22:53',72),(471,471,'Inicialización de Stock',-3,NULL,'2020-12-03 19:22:53',72),(472,472,'Inicialización de Stock',0,NULL,'2020-12-03 19:22:53',72),(473,473,'Inicialización de Stock',-15,NULL,'2020-12-03 19:22:53',72),(474,474,'Inicialización de Stock',0,NULL,'2020-12-03 19:22:53',72),(475,475,'Inicialización de Stock',0,NULL,'2020-12-03 19:22:53',72),(476,476,'Inicialización de Stock',0,NULL,'2020-12-03 19:22:53',72),(477,477,'Inicialización de Stock',0,NULL,'2020-12-03 19:22:53',72),(478,478,'Inicialización de Stock',0,NULL,'2020-12-03 19:22:53',72),(479,479,'Inicialización de Stock',0,NULL,'2020-12-03 19:22:53',72),(480,480,'Inicialización de Stock',0,NULL,'2020-12-03 19:22:53',72),(481,481,'Inicialización de Stock',0,NULL,'2020-12-03 19:22:53',72),(482,482,'Inicialización de Stock',0,NULL,'2020-12-03 19:22:53',72),(483,483,'Inicialización de Stock',0,NULL,'2020-12-03 19:22:53',72),(484,484,'Inicialización de Stock',0,NULL,'2020-12-03 19:22:53',72),(485,485,'Inicialización de Stock',0,NULL,'2020-12-03 19:22:53',72),(486,486,'Inicialización de Stock',0,NULL,'2020-12-03 19:22:53',72),(487,487,'Inicialización de Stock',-10,NULL,'2020-12-03 19:22:53',72),(488,488,'Inicialización de Stock',-20,NULL,'2020-12-03 19:22:53',72),(489,489,'Inicialización de Stock',0,NULL,'2020-12-03 19:22:53',72),(490,490,'Inicialización de Stock',-20,NULL,'2020-12-03 19:22:53',72),(491,491,'Inicialización de Stock',0,NULL,'2020-12-03 19:22:53',72),(492,492,'Inicialización de Stock',0,NULL,'2020-12-03 19:22:53',72),(493,493,'Inicialización de Stock',0,NULL,'2020-12-03 19:22:53',72),(494,494,'Inicialización de Stock',0,NULL,'2020-12-03 19:22:53',72),(495,495,'Inicialización de Stock',-74,NULL,'2020-12-03 19:22:53',72),(496,496,'Inicialización de Stock',0,NULL,'2020-12-03 19:22:53',72),(497,497,'Inicialización de Stock',-2,NULL,'2020-12-03 19:22:53',72),(498,498,'Inicialización de Stock',-20,NULL,'2020-12-03 19:22:53',72),(499,499,'Inicialización de Stock',-4,NULL,'2020-12-03 19:22:53',72),(500,500,'Inicialización de Stock',-2,NULL,'2020-12-03 19:22:53',72),(501,501,'Inicialización de Stock',0,NULL,'2020-12-03 19:22:54',72),(502,502,'Inicialización de Stock',-11,NULL,'2020-12-03 19:22:54',72),(503,503,'Inicialización de Stock',-1,NULL,'2020-12-03 19:22:54',72),(504,504,'Inicialización de Stock',0,NULL,'2020-12-03 19:22:54',72),(505,505,'Inicialización de Stock',-5,NULL,'2020-12-03 19:22:54',72),(506,506,'Inicialización de Stock',0,NULL,'2020-12-03 19:22:54',72),(507,507,'Inicialización de Stock',-5,NULL,'2020-12-03 19:22:54',72),(508,508,'Inicialización de Stock',-1,NULL,'2020-12-03 19:22:54',72),(509,509,'Inicialización de Stock',0,NULL,'2020-12-03 19:22:54',72),(510,510,'Inicialización de Stock',0,NULL,'2020-12-03 19:22:54',72),(511,511,'Inicialización de Stock',0,NULL,'2020-12-03 19:22:54',72),(512,512,'Inicialización de Stock',0,NULL,'2020-12-03 19:22:54',72),(513,513,'Inicialización de Stock',0,NULL,'2020-12-03 19:22:54',72),(514,514,'Inicialización de Stock',-63,NULL,'2020-12-03 19:22:54',72),(515,515,'Inicialización de Stock',0,NULL,'2020-12-03 19:22:54',72),(516,516,'Inicialización de Stock',-30,NULL,'2020-12-03 19:22:54',72),(517,517,'Inicialización de Stock',-21,NULL,'2020-12-03 19:22:54',72),(518,518,'Inicialización de Stock',-20,NULL,'2020-12-03 19:22:54',72),(519,519,'Inicialización de Stock',-11,NULL,'2020-12-03 19:22:54',72),(520,520,'Inicialización de Stock',0,NULL,'2020-12-03 19:22:54',72),(521,521,'Inicialización de Stock',0,NULL,'2020-12-03 19:22:54',72),(522,522,'Inicialización de Stock',0,NULL,'2020-12-03 19:22:54',72),(523,523,'Inicialización de Stock',0,NULL,'2020-12-03 19:22:54',72),(524,524,'Inicialización de Stock',0,NULL,'2020-12-03 19:22:54',72),(525,525,'Inicialización de Stock',0,NULL,'2020-12-03 19:22:54',72),(526,526,'Inicialización de Stock',-27,NULL,'2020-12-03 19:22:54',72),(527,527,'Inicialización de Stock',0,NULL,'2020-12-03 19:22:54',72),(528,528,'Inicialización de Stock',0,NULL,'2020-12-03 19:22:54',72),(529,529,'Inicialización de Stock',-9,NULL,'2020-12-03 19:22:54',72),(530,530,'Inicialización de Stock',-2,NULL,'2020-12-03 19:22:54',72),(531,531,'Inicialización de Stock',0,NULL,'2020-12-03 19:22:54',72),(532,532,'Inicialización de Stock',-24,NULL,'2020-12-03 19:22:54',72),(533,533,'Inicialización de Stock',0,NULL,'2020-12-03 19:22:54',72),(534,534,'Inicialización de Stock',0,NULL,'2020-12-03 19:22:54',72),(535,535,'Inicialización de Stock',0,NULL,'2020-12-03 19:22:54',72),(536,536,'Inicialización de Stock',0,NULL,'2020-12-03 19:22:54',72),(537,537,'Inicialización de Stock',-160,NULL,'2020-12-03 19:22:54',72),(538,538,'Inicialización de Stock',-35,NULL,'2020-12-03 19:22:54',72),(539,539,'Inicialización de Stock',-20,NULL,'2020-12-03 19:22:54',72),(540,540,'Inicialización de Stock',-65,NULL,'2020-12-03 19:22:54',72),(541,541,'Inicialización de Stock',-15,NULL,'2020-12-03 19:22:54',72),(542,542,'Inicialización de Stock',0,NULL,'2020-12-03 19:22:54',72),(543,543,'Inicialización de Stock',-32,NULL,'2020-12-03 19:22:54',72),(544,544,'Inicialización de Stock',-5,NULL,'2020-12-03 19:22:54',72),(545,545,'Inicialización de Stock',-25,NULL,'2020-12-03 19:22:54',72),(546,546,'Inicialización de Stock',0,NULL,'2020-12-03 19:24:03',72),(547,547,'Inicialización de Stock',0,NULL,'2020-12-03 19:24:03',72),(548,548,'Inicialización de Stock',0,NULL,'2020-12-03 19:24:03',72),(549,549,'Inicialización de Stock',0,NULL,'2020-12-03 19:24:03',72),(550,550,'Inicialización de Stock',-162,NULL,'2020-12-03 19:24:03',72),(551,551,'Inicialización de Stock',-4900,NULL,'2020-12-03 19:24:03',72),(552,552,'Inicialización de Stock',-5,NULL,'2020-12-03 19:24:03',72),(553,553,'Inicialización de Stock',-5,NULL,'2020-12-03 19:24:03',72),(554,554,'Inicialización de Stock',-19,NULL,'2020-12-03 19:24:03',72),(555,555,'Inicialización de Stock',0,NULL,'2020-12-03 19:24:03',72),(556,556,'Inicialización de Stock',-52,NULL,'2020-12-03 19:24:03',72),(557,557,'Inicialización de Stock',0,NULL,'2020-12-03 19:24:03',72),(558,558,'Inicialización de Stock',-75,NULL,'2020-12-03 19:24:03',72),(559,559,'Inicialización de Stock',-165,NULL,'2020-12-03 19:24:03',72),(560,560,'Inicialización de Stock',-170,NULL,'2020-12-03 19:24:03',72),(561,561,'Inicialización de Stock',-50,NULL,'2020-12-03 19:24:03',72),(562,562,'Inicialización de Stock',-55,NULL,'2020-12-03 19:24:03',72),(563,563,'Inicialización de Stock',-120,NULL,'2020-12-03 19:24:03',72),(564,564,'Inicialización de Stock',-85,NULL,'2020-12-03 19:24:03',72),(565,565,'Inicialización de Stock',-110,NULL,'2020-12-03 19:24:03',72),(566,566,'Inicialización de Stock',0,NULL,'2020-12-03 19:24:03',72),(567,567,'Inicialización de Stock',0,NULL,'2020-12-03 19:24:03',72),(568,568,'Inicialización de Stock',0,NULL,'2020-12-03 19:24:48',72),(569,569,'Inicialización de Stock',0,NULL,'2020-12-03 19:24:48',72),(570,570,'Inicialización de Stock',0,NULL,'2020-12-03 19:24:48',72),(571,571,'Inicialización de Stock',0,NULL,'2020-12-03 19:24:48',72),(572,572,'Inicialización de Stock',0,NULL,'2020-12-03 19:24:48',72),(573,573,'Inicialización de Stock',-5,NULL,'2020-12-03 19:24:48',72),(574,574,'Inicialización de Stock',0,NULL,'2020-12-03 19:24:48',72),(575,575,'Inicialización de Stock',0,NULL,'2020-12-03 19:24:48',72),(576,576,'Inicialización de Stock',0,NULL,'2020-12-03 19:24:48',72),(577,577,'Inicialización de Stock',0,NULL,'2020-12-03 19:24:48',72),(578,578,'Inicialización de Stock',0,NULL,'2020-12-03 19:24:48',72),(579,579,'Inicialización de Stock',0,NULL,'2020-12-03 19:24:48',72),(580,580,'Inicialización de Stock',0,NULL,'2020-12-03 19:24:48',72),(581,581,'Inicialización de Stock',-13,NULL,'2020-12-03 19:24:48',72),(582,582,'Inicialización de Stock',0,NULL,'2020-12-03 19:24:48',72),(583,583,'Inicialización de Stock',0,NULL,'2020-12-03 19:24:48',72),(584,584,'Inicialización de Stock',-60,NULL,'2020-12-03 19:24:48',72),(585,585,'Inicialización de Stock',0,NULL,'2020-12-03 19:24:48',72),(586,586,'Inicialización de Stock',0,NULL,'2020-12-03 19:24:48',72),(587,587,'Inicialización de Stock',-20,NULL,'2020-12-03 19:24:48',72),(588,588,'Inicialización de Stock',0,NULL,'2020-12-03 19:24:48',72),(589,589,'Inicialización de Stock',0,NULL,'2020-12-03 19:24:48',72),(590,590,'Inicialización de Stock',0,NULL,'2020-12-03 19:24:48',72),(591,591,'Inicialización de Stock',-11,NULL,'2020-12-03 19:24:48',72),(592,592,'Inicialización de Stock',0,NULL,'2020-12-03 19:24:48',72),(593,593,'Inicialización de Stock',-4,NULL,'2020-12-03 19:24:48',72),(594,594,'Inicialización de Stock',-22,NULL,'2020-12-03 19:24:48',72),(595,595,'Inicialización de Stock',-6,NULL,'2020-12-03 19:24:48',72),(596,596,'Inicialización de Stock',0,NULL,'2020-12-03 19:24:48',72),(597,597,'Inicialización de Stock',-48,NULL,'2020-12-03 19:24:48',72),(598,598,'Inicialización de Stock',0,NULL,'2020-12-03 19:24:48',72),(599,599,'Inicialización de Stock',0,NULL,'2020-12-03 19:24:48',72),(600,600,'Inicialización de Stock',0,NULL,'2020-12-03 19:24:48',72),(601,601,'Inicialización de Stock',0,NULL,'2020-12-03 19:24:48',72),(602,602,'Inicialización de Stock',-12,NULL,'2020-12-03 19:24:48',72),(603,603,'Inicialización de Stock',-24,NULL,'2020-12-03 19:24:48',72),(604,604,'Inicialización de Stock',0,NULL,'2020-12-03 19:24:48',72);
/*!40000 ALTER TABLE `Stock` ENABLE KEYS */;
UNLOCK TABLES;

--
-- Table structure for table `Usuario`
--

DROP TABLE IF EXISTS `Usuario`;
/*!40101 SET @saved_cs_client     = @@character_set_client */;
/*!50503 SET character_set_client = utf8mb4 */;
CREATE TABLE `Usuario` (
  `ID` smallint NOT NULL AUTO_INCREMENT,
  `Nombre` varchar(50) DEFAULT NULL,
  `Usuario` varchar(20) DEFAULT NULL,
  `Clave` varchar(50) DEFAULT NULL,
  `Perfil` smallint DEFAULT NULL,
  PRIMARY KEY (`ID`)
) ENGINE=InnoDB AUTO_INCREMENT=73 DEFAULT CHARSET=latin1;
/*!40101 SET character_set_client = @saved_cs_client */;

--
-- Dumping data for table `Usuario`
--

LOCK TABLES `Usuario` WRITE;
/*!40000 ALTER TABLE `Usuario` DISABLE KEYS */;
INSERT INTO `Usuario` VALUES (64,'Fernando Contreras','ferjcontreras','i3bdO6qR3lXUE',2),(65,'Ivan Contreras','ivan','i3QjxTRMaM4CE',2),(72,'Administrador','admin','i3Jz2k.ntMl.I',1);
/*!40000 ALTER TABLE `Usuario` ENABLE KEYS */;
UNLOCK TABLES;

--
-- Table structure for table `zHis_Stock`
--

DROP TABLE IF EXISTS `zHis_Stock`;
/*!40101 SET @saved_cs_client     = @@character_set_client */;
/*!50503 SET character_set_client = utf8mb4 */;
CREATE TABLE `zHis_Stock` (
  `ID` smallint DEFAULT NULL,
  `IDProducto` smallint DEFAULT NULL,
  `Detalle` varchar(100) DEFAULT NULL,
  `Cantidad` smallint DEFAULT NULL,
  `Minimo` smallint DEFAULT NULL,
  `inTime` timestamp NOT NULL DEFAULT CURRENT_TIMESTAMP ON UPDATE CURRENT_TIMESTAMP,
  `UserID` smallint DEFAULT NULL
) ENGINE=InnoDB DEFAULT CHARSET=latin1;
/*!40101 SET character_set_client = @saved_cs_client */;

--
-- Dumping data for table `zHis_Stock`
--

LOCK TABLES `zHis_Stock` WRITE;
/*!40000 ALTER TABLE `zHis_Stock` DISABLE KEYS */;
INSERT INTO `zHis_Stock` VALUES (1,1,'Inicialización de Stock',0,NULL,'2020-12-03 19:17:12',72),(2,2,'Inicialización de Stock',0,NULL,'2020-12-03 19:17:12',72),(3,3,'Inicialización de Stock',-5,NULL,'2020-12-03 19:17:12',72),(4,4,'Inicialización de Stock',0,NULL,'2020-12-03 19:17:12',72),(5,5,'Inicialización de Stock',0,NULL,'2020-12-03 19:17:13',72),(6,6,'Inicialización de Stock',-200,NULL,'2020-12-03 19:17:13',72),(7,7,'Inicialización de Stock',-1,NULL,'2020-12-03 19:17:13',72),(8,8,'Inicialización de Stock',0,NULL,'2020-12-03 19:17:13',72),(9,9,'Inicialización de Stock',0,NULL,'2020-12-03 19:17:13',72),(10,10,'Inicialización de Stock',0,NULL,'2020-12-03 19:17:13',72),(11,11,'Inicialización de Stock',-125,NULL,'2020-12-03 19:17:13',72),(12,12,'Inicialización de Stock',-50,NULL,'2020-12-03 19:17:13',72),(13,13,'Inicialización de Stock',-10,NULL,'2020-12-03 19:17:13',72),(14,14,'Inicialización de Stock',-5,NULL,'2020-12-03 19:17:13',72),(15,15,'Inicialización de Stock',-10,NULL,'2020-12-03 19:17:13',72),(16,16,'Inicialización de Stock',-80,NULL,'2020-12-03 19:17:13',72),(17,17,'Inicialización de Stock',0,NULL,'2020-12-03 19:17:13',72),(18,18,'Inicialización de Stock',0,NULL,'2020-12-03 19:17:13',72),(19,19,'Inicialización de Stock',0,NULL,'2020-12-03 19:17:13',72),(20,20,'Inicialización de Stock',0,NULL,'2020-12-03 19:17:13',72),(21,21,'Inicialización de Stock',0,NULL,'2020-12-03 19:17:13',72),(22,22,'Inicialización de Stock',0,NULL,'2020-12-03 19:17:13',72),(23,23,'Inicialización de Stock',-17,NULL,'2020-12-03 19:17:13',72),(24,24,'Inicialización de Stock',0,NULL,'2020-12-03 19:17:13',72),(25,25,'Inicialización de Stock',-10,NULL,'2020-12-03 19:17:13',72),(26,26,'Inicialización de Stock',-40,NULL,'2020-12-03 19:17:13',72),(27,27,'Inicialización de Stock',0,NULL,'2020-12-03 19:17:13',72),(28,28,'Inicialización de Stock',0,NULL,'2020-12-03 19:17:13',72),(29,29,'Inicialización de Stock',0,NULL,'2020-12-03 19:17:13',72),(30,30,'Inicialización de Stock',-1,NULL,'2020-12-03 19:17:13',72),(31,31,'Inicialización de Stock',0,NULL,'2020-12-03 19:17:13',72),(32,32,'Inicialización de Stock',-10,NULL,'2020-12-03 19:17:13',72),(33,33,'Inicialización de Stock',-1,NULL,'2020-12-03 19:17:13',72),(34,34,'Inicialización de Stock',-1,NULL,'2020-12-03 19:17:13',72),(35,35,'Inicialización de Stock',0,NULL,'2020-12-03 19:17:13',72),(36,36,'Inicialización de Stock',0,NULL,'2020-12-03 19:17:13',72),(37,37,'Inicialización de Stock',-45,NULL,'2020-12-03 19:17:13',72),(38,38,'Inicialización de Stock',-17,NULL,'2020-12-03 19:17:13',72),(39,39,'Inicialización de Stock',-135,NULL,'2020-12-03 19:17:13',72),(40,40,'Inicialización de Stock',0,NULL,'2020-12-03 19:17:13',72),(41,41,'Inicialización de Stock',0,NULL,'2020-12-03 19:17:13',72),(42,42,'Inicialización de Stock',-140,NULL,'2020-12-03 19:17:13',72),(43,43,'Inicialización de Stock',-3105,NULL,'2020-12-03 19:17:13',72),(44,44,'Inicialización de Stock',-4,NULL,'2020-12-03 19:17:13',72),(45,45,'Inicialización de Stock',-37,NULL,'2020-12-03 19:17:13',72),(46,46,'Inicialización de Stock',-11,NULL,'2020-12-03 19:17:13',72),(47,47,'Inicialización de Stock',0,NULL,'2020-12-03 19:17:13',72),(48,48,'Inicialización de Stock',0,NULL,'2020-12-03 19:17:13',72),(49,49,'Inicialización de Stock',0,NULL,'2020-12-03 19:17:13',72),(50,50,'Inicialización de Stock',-3,NULL,'2020-12-03 19:17:13',72),(51,51,'Inicialización de Stock',0,NULL,'2020-12-03 19:17:13',72),(52,52,'Inicialización de Stock',-9,NULL,'2020-12-03 19:17:13',72),(53,53,'Inicialización de Stock',0,NULL,'2020-12-03 19:17:13',72),(54,54,'Inicialización de Stock',-44,NULL,'2020-12-03 19:17:14',72),(55,55,'Inicialización de Stock',0,NULL,'2020-12-03 19:17:14',72),(56,56,'Inicialización de Stock',0,NULL,'2020-12-03 19:17:14',72),(57,57,'Inicialización de Stock',0,NULL,'2020-12-03 19:17:14',72),(58,58,'Inicialización de Stock',-1,NULL,'2020-12-03 19:17:14',72),(59,59,'Inicialización de Stock',0,NULL,'2020-12-03 19:17:14',72),(60,60,'Inicialización de Stock',0,NULL,'2020-12-03 19:17:14',72),(61,61,'Inicialización de Stock',-14,NULL,'2020-12-03 19:17:14',72),(62,62,'Inicialización de Stock',0,NULL,'2020-12-03 19:17:14',72),(63,63,'Inicialización de Stock',0,NULL,'2020-12-03 19:17:14',72),(64,64,'Inicialización de Stock',-12,NULL,'2020-12-03 19:17:14',72),(65,65,'Inicialización de Stock',-5,NULL,'2020-12-03 19:17:14',72),(66,66,'Inicialización de Stock',-74,NULL,'2020-12-03 19:17:14',72),(67,67,'Inicialización de Stock',0,NULL,'2020-12-03 19:17:14',72),(68,68,'Inicialización de Stock',0,NULL,'2020-12-03 19:17:14',72),(69,69,'Inicialización de Stock',0,NULL,'2020-12-03 19:17:14',72),(70,70,'Inicialización de Stock',-3,NULL,'2020-12-03 19:17:14',72),(71,71,'Inicialización de Stock',0,NULL,'2020-12-03 19:17:14',72),(72,72,'Inicialización de Stock',0,NULL,'2020-12-03 19:17:14',72),(73,73,'Inicialización de Stock',-38,NULL,'2020-12-03 19:17:14',72),(74,74,'Inicialización de Stock',0,NULL,'2020-12-03 19:17:14',72),(75,75,'Inicialización de Stock',-2,NULL,'2020-12-03 19:17:14',72),(76,76,'Inicialización de Stock',-2,NULL,'2020-12-03 19:17:14',72),(77,77,'Inicialización de Stock',0,NULL,'2020-12-03 19:17:14',72),(78,78,'Inicialización de Stock',-22,NULL,'2020-12-03 19:17:14',72),(79,79,'Inicialización de Stock',-14,NULL,'2020-12-03 19:17:14',72),(80,80,'Inicialización de Stock',-1,NULL,'2020-12-03 19:17:14',72),(81,81,'Inicialización de Stock',0,NULL,'2020-12-03 19:17:14',72),(82,82,'Inicialización de Stock',-2,NULL,'2020-12-03 19:17:14',72),(83,83,'Inicialización de Stock',0,NULL,'2020-12-03 19:17:14',72),(84,84,'Inicialización de Stock',-3,NULL,'2020-12-03 19:17:14',72),(85,85,'Inicialización de Stock',0,NULL,'2020-12-03 19:17:14',72),(86,86,'Inicialización de Stock',0,NULL,'2020-12-03 19:17:14',72),(87,87,'Inicialización de Stock',0,NULL,'2020-12-03 19:17:14',72),(88,88,'Inicialización de Stock',-2,NULL,'2020-12-03 19:17:14',72),(89,89,'Inicialización de Stock',0,NULL,'2020-12-03 19:17:14',72),(90,90,'Inicialización de Stock',0,NULL,'2020-12-03 19:17:14',72),(91,91,'Inicialización de Stock',0,NULL,'2020-12-03 19:17:14',72),(92,92,'Inicialización de Stock',0,NULL,'2020-12-03 19:17:14',72),(93,93,'Inicialización de Stock',0,NULL,'2020-12-03 19:17:14',72),(94,94,'Inicialización de Stock',-22,NULL,'2020-12-03 19:17:14',72),(95,95,'Inicialización de Stock',-3,NULL,'2020-12-03 19:17:14',72),(96,96,'Inicialización de Stock',0,NULL,'2020-12-03 19:17:14',72),(97,97,'Inicialización de Stock',-3,NULL,'2020-12-03 19:17:14',72),(98,98,'Inicialización de Stock',0,NULL,'2020-12-03 19:17:14',72),(99,99,'Inicialización de Stock',0,NULL,'2020-12-03 19:17:14',72),(100,100,'Inicialización de Stock',0,NULL,'2020-12-03 19:17:14',72),(101,101,'Inicialización de Stock',0,NULL,'2020-12-03 19:17:14',72),(102,102,'Inicialización de Stock',-5,NULL,'2020-12-03 19:17:14',72),(103,103,'Inicialización de Stock',0,NULL,'2020-12-03 19:17:14',72),(104,104,'Inicialización de Stock',-12,NULL,'2020-12-03 19:17:14',72),(105,105,'Inicialización de Stock',0,NULL,'2020-12-03 19:17:14',72),(106,106,'Inicialización de Stock',-25,NULL,'2020-12-03 19:17:14',72),(107,107,'Inicialización de Stock',0,NULL,'2020-12-03 19:17:14',72),(108,108,'Inicialización de Stock',-50,NULL,'2020-12-03 19:17:14',72),(109,109,'Inicialización de Stock',-120,NULL,'2020-12-03 19:17:14',72),(110,110,'Inicialización de Stock',-3,NULL,'2020-12-03 19:17:14',72),(111,111,'Inicialización de Stock',-9,NULL,'2020-12-03 19:17:14',72),(112,112,'Inicialización de Stock',-2,NULL,'2020-12-03 19:17:14',72),(113,113,'Inicialización de Stock',-3,NULL,'2020-12-03 19:17:14',72),(114,114,'Inicialización de Stock',0,NULL,'2020-12-03 19:17:14',72),(115,115,'Inicialización de Stock',0,NULL,'2020-12-03 19:17:14',72),(116,116,'Inicialización de Stock',-14,NULL,'2020-12-03 19:17:15',72),(117,117,'Inicialización de Stock',-37,NULL,'2020-12-03 19:17:15',72),(118,118,'Inicialización de Stock',0,NULL,'2020-12-03 19:17:15',72),(119,119,'Inicialización de Stock',0,NULL,'2020-12-03 19:17:15',72),(120,120,'Inicialización de Stock',0,NULL,'2020-12-03 19:17:15',72),(121,121,'Inicialización de Stock',-8,NULL,'2020-12-03 19:17:15',72),(122,122,'Inicialización de Stock',0,NULL,'2020-12-03 19:17:15',72),(123,123,'Inicialización de Stock',-25,NULL,'2020-12-03 19:17:15',72),(124,124,'Inicialización de Stock',-170,NULL,'2020-12-03 19:17:15',72),(125,125,'Inicialización de Stock',-11,NULL,'2020-12-03 19:17:15',72),(126,126,'Inicialización de Stock',-3,NULL,'2020-12-03 19:17:15',72),(127,127,'Inicialización de Stock',0,NULL,'2020-12-03 19:17:15',72),(128,128,'Inicialización de Stock',-2,NULL,'2020-12-03 19:17:15',72),(129,129,'Inicialización de Stock',-8,NULL,'2020-12-03 19:17:15',72),(130,130,'Inicialización de Stock',-34,NULL,'2020-12-03 19:17:15',72),(131,131,'Inicialización de Stock',-3,NULL,'2020-12-03 19:17:15',72),(132,132,'Inicialización de Stock',0,NULL,'2020-12-03 19:17:15',72),(133,133,'Inicialización de Stock',0,NULL,'2020-12-03 19:17:15',72),(134,134,'Inicialización de Stock',0,NULL,'2020-12-03 19:17:15',72),(135,135,'Inicialización de Stock',0,NULL,'2020-12-03 19:17:15',72),(136,136,'Inicialización de Stock',0,NULL,'2020-12-03 19:17:15',72),(137,137,'Inicialización de Stock',-1,NULL,'2020-12-03 19:17:15',72),(138,138,'Inicialización de Stock',-8,NULL,'2020-12-03 19:17:15',72),(139,139,'Inicialización de Stock',-10,NULL,'2020-12-03 19:17:15',72),(140,140,'Inicialización de Stock',0,NULL,'2020-12-03 19:17:15',72),(141,141,'Inicialización de Stock',0,NULL,'2020-12-03 19:17:15',72),(142,142,'Inicialización de Stock',-2,NULL,'2020-12-03 19:17:15',72),(143,143,'Inicialización de Stock',0,NULL,'2020-12-03 19:17:15',72),(144,144,'Inicialización de Stock',0,NULL,'2020-12-03 19:17:15',72),(145,145,'Inicialización de Stock',-10,NULL,'2020-12-03 19:17:15',72),(146,146,'Inicialización de Stock',0,NULL,'2020-12-03 19:17:15',72),(147,147,'Inicialización de Stock',0,NULL,'2020-12-03 19:17:15',72),(148,148,'Inicialización de Stock',-10,NULL,'2020-12-03 19:17:15',72),(149,149,'Inicialización de Stock',0,NULL,'2020-12-03 19:17:15',72),(150,150,'Inicialización de Stock',0,NULL,'2020-12-03 19:17:15',72),(151,151,'Inicialización de Stock',-2,NULL,'2020-12-03 19:17:15',72),(152,152,'Inicialización de Stock',0,NULL,'2020-12-03 19:17:15',72),(153,153,'Inicialización de Stock',-160,NULL,'2020-12-03 19:17:15',72),(154,154,'Inicialización de Stock',-45,NULL,'2020-12-03 19:17:15',72),(155,155,'Inicialización de Stock',-30,NULL,'2020-12-03 19:17:15',72),(156,156,'Inicialización de Stock',0,NULL,'2020-12-03 19:17:15',72),(157,157,'Inicialización de Stock',0,NULL,'2020-12-03 19:17:15',72),(158,158,'Inicialización de Stock',-4,NULL,'2020-12-03 19:17:15',72),(159,159,'Inicialización de Stock',-5,NULL,'2020-12-03 19:17:15',72),(160,160,'Inicialización de Stock',0,NULL,'2020-12-03 19:17:15',72),(161,161,'Inicialización de Stock',0,NULL,'2020-12-03 19:17:15',72),(162,162,'Inicialización de Stock',-3,NULL,'2020-12-03 19:17:15',72),(163,163,'Inicialización de Stock',0,NULL,'2020-12-03 19:17:15',72),(164,164,'Inicialización de Stock',0,NULL,'2020-12-03 19:17:15',72),(165,165,'Inicialización de Stock',0,NULL,'2020-12-03 19:17:15',72),(166,166,'Inicialización de Stock',-8,NULL,'2020-12-03 19:17:15',72),(167,167,'Inicialización de Stock',0,NULL,'2020-12-03 19:17:15',72),(168,168,'Inicialización de Stock',0,NULL,'2020-12-03 19:17:15',72),(169,169,'Inicialización de Stock',0,NULL,'2020-12-03 19:17:15',72),(170,170,'Inicialización de Stock',0,NULL,'2020-12-03 19:17:15',72),(171,171,'Inicialización de Stock',0,NULL,'2020-12-03 19:17:15',72),(172,172,'Inicialización de Stock',0,NULL,'2020-12-03 19:17:15',72),(173,173,'Inicialización de Stock',-5,NULL,'2020-12-03 19:17:15',72),(174,174,'Inicialización de Stock',0,NULL,'2020-12-03 19:17:15',72),(175,175,'Inicialización de Stock',0,NULL,'2020-12-03 19:17:15',72),(176,176,'Inicialización de Stock',-300,NULL,'2020-12-03 19:17:15',72),(177,177,'Inicialización de Stock',0,NULL,'2020-12-03 19:17:16',72),(178,178,'Inicialización de Stock',-3,NULL,'2020-12-03 19:17:16',72),(179,179,'Inicialización de Stock',0,NULL,'2020-12-03 19:17:16',72),(180,180,'Inicialización de Stock',0,NULL,'2020-12-03 19:17:16',72),(181,181,'Inicialización de Stock',0,NULL,'2020-12-03 19:17:16',72),(182,182,'Inicialización de Stock',-12,NULL,'2020-12-03 19:17:16',72),(183,183,'Inicialización de Stock',0,NULL,'2020-12-03 19:17:16',72),(184,184,'Inicialización de Stock',0,NULL,'2020-12-03 19:17:16',72),(185,185,'Inicialización de Stock',0,NULL,'2020-12-03 19:17:16',72),(186,186,'Inicialización de Stock',0,NULL,'2020-12-03 19:17:16',72),(187,187,'Inicialización de Stock',0,NULL,'2020-12-03 19:17:16',72),(188,188,'Inicialización de Stock',0,NULL,'2020-12-03 19:17:16',72),(189,189,'Inicialización de Stock',0,NULL,'2020-12-03 19:17:16',72),(190,190,'Inicialización de Stock',-8,NULL,'2020-12-03 19:17:16',72),(191,191,'Inicialización de Stock',0,NULL,'2020-12-03 19:17:16',72),(192,192,'Inicialización de Stock',0,NULL,'2020-12-03 19:17:16',72),(193,193,'Inicialización de Stock',-40,NULL,'2020-12-03 19:17:16',72),(194,194,'Inicialización de Stock',0,NULL,'2020-12-03 19:17:16',72),(195,195,'Inicialización de Stock',0,NULL,'2020-12-03 19:17:16',72),(196,196,'Inicialización de Stock',0,NULL,'2020-12-03 19:17:16',72),(197,197,'Inicialización de Stock',-2,NULL,'2020-12-03 19:17:16',72),(198,198,'Inicialización de Stock',0,NULL,'2020-12-03 19:17:16',72),(199,199,'Inicialización de Stock',0,NULL,'2020-12-03 19:17:16',72),(200,200,'Inicialización de Stock',0,NULL,'2020-12-03 19:17:16',72),(201,201,'Inicialización de Stock',-6,NULL,'2020-12-03 19:17:16',72),(202,202,'Inicialización de Stock',-3,NULL,'2020-12-03 19:17:16',72),(203,203,'Inicialización de Stock',-55,NULL,'2020-12-03 19:17:16',72),(204,204,'Inicialización de Stock',-40,NULL,'2020-12-03 19:17:16',72),(205,205,'Inicialización de Stock',-270,NULL,'2020-12-03 19:17:16',72),(206,206,'Inicialización de Stock',-60,NULL,'2020-12-03 19:17:16',72),(207,207,'Inicialización de Stock',0,NULL,'2020-12-03 19:17:16',72),(208,208,'Inicialización de Stock',-55,NULL,'2020-12-03 19:17:16',72),(209,209,'Inicialización de Stock',-10,NULL,'2020-12-03 19:17:16',72),(210,210,'Inicialización de Stock',-320,NULL,'2020-12-03 19:17:16',72),(211,211,'Inicialización de Stock',-5,NULL,'2020-12-03 19:17:16',72),(212,212,'Inicialización de Stock',-50,NULL,'2020-12-03 19:17:16',72),(213,213,'Inicialización de Stock',-250,NULL,'2020-12-03 19:17:16',72),(214,214,'Inicialización de Stock',-120,NULL,'2020-12-03 19:17:16',72),(215,215,'Inicialización de Stock',0,NULL,'2020-12-03 19:17:16',72),(216,216,'Inicialización de Stock',0,NULL,'2020-12-03 19:17:16',72),(217,217,'Inicialización de Stock',-3,NULL,'2020-12-03 19:17:16',72),(218,218,'Inicialización de Stock',0,NULL,'2020-12-03 19:17:16',72),(219,219,'Inicialización de Stock',0,NULL,'2020-12-03 19:17:16',72),(220,220,'Inicialización de Stock',-8,NULL,'2020-12-03 19:17:16',72),(221,221,'Inicialización de Stock',-12,NULL,'2020-12-03 19:17:16',72),(222,222,'Inicialización de Stock',-4,NULL,'2020-12-03 19:17:16',72),(223,223,'Inicialización de Stock',0,NULL,'2020-12-03 19:17:16',72),(224,224,'Inicialización de Stock',0,NULL,'2020-12-03 19:17:16',72),(225,225,'Inicialización de Stock',-7,NULL,'2020-12-03 19:17:16',72),(226,226,'Inicialización de Stock',-4,NULL,'2020-12-03 19:17:16',72),(227,227,'Inicialización de Stock',0,NULL,'2020-12-03 19:17:16',72),(228,228,'Inicialización de Stock',0,NULL,'2020-12-03 19:17:16',72),(229,229,'Inicialización de Stock',-1,NULL,'2020-12-03 19:17:16',72),(230,230,'Inicialización de Stock',0,NULL,'2020-12-03 19:17:16',72),(231,231,'Inicialización de Stock',0,NULL,'2020-12-03 19:17:16',72),(232,232,'Inicialización de Stock',-10,NULL,'2020-12-03 19:17:16',72),(233,233,'Inicialización de Stock',0,NULL,'2020-12-03 19:17:16',72),(234,234,'Inicialización de Stock',0,NULL,'2020-12-03 19:17:16',72),(235,235,'Inicialización de Stock',0,NULL,'2020-12-03 19:17:16',72),(236,236,'Inicialización de Stock',0,NULL,'2020-12-03 19:17:16',72),(237,237,'Inicialización de Stock',-16,NULL,'2020-12-03 19:17:16',72),(238,238,'Inicialización de Stock',-22,NULL,'2020-12-03 19:17:16',72),(239,239,'Inicialización de Stock',0,NULL,'2020-12-03 19:17:16',72),(240,240,'Inicialización de Stock',-2,NULL,'2020-12-03 19:17:17',72),(241,241,'Inicialización de Stock',-7,NULL,'2020-12-03 19:17:17',72),(242,242,'Inicialización de Stock',0,NULL,'2020-12-03 19:17:17',72),(243,243,'Inicialización de Stock',-1,NULL,'2020-12-03 19:17:17',72),(244,244,'Inicialización de Stock',0,NULL,'2020-12-03 19:17:17',72),(245,245,'Inicialización de Stock',-18,NULL,'2020-12-03 19:17:17',72),(246,246,'Inicialización de Stock',0,NULL,'2020-12-03 19:17:17',72),(247,247,'Inicialización de Stock',-20,NULL,'2020-12-03 19:17:17',72),(248,248,'Inicialización de Stock',-5,NULL,'2020-12-03 19:17:17',72),(249,249,'Inicialización de Stock',-2,NULL,'2020-12-03 19:17:17',72),(250,250,'Inicialización de Stock',-1,NULL,'2020-12-03 19:17:17',72),(251,251,'Inicialización de Stock',-10,NULL,'2020-12-03 19:17:17',72),(252,252,'Inicialización de Stock',-5,NULL,'2020-12-03 19:17:17',72),(253,253,'Inicialización de Stock',0,NULL,'2020-12-03 19:17:17',72),(254,254,'Inicialización de Stock',0,NULL,'2020-12-03 19:17:17',72),(255,255,'Inicialización de Stock',-79,NULL,'2020-12-03 19:17:17',72),(256,256,'Inicialización de Stock',0,NULL,'2020-12-03 19:17:17',72),(257,257,'Inicialización de Stock',-8,NULL,'2020-12-03 19:17:17',72),(258,258,'Inicialización de Stock',-7,NULL,'2020-12-03 19:17:17',72),(259,259,'Inicialización de Stock',-20,NULL,'2020-12-03 19:18:22',72),(260,260,'Inicialización de Stock',0,NULL,'2020-12-03 19:18:22',72),(261,261,'Inicialización de Stock',0,NULL,'2020-12-03 19:18:22',72),(262,262,'Inicialización de Stock',-6,NULL,'2020-12-03 19:18:22',72),(263,263,'Inicialización de Stock',0,NULL,'2020-12-03 19:18:22',72),(264,264,'Inicialización de Stock',-6,NULL,'2020-12-03 19:18:22',72),(265,265,'Inicialización de Stock',0,NULL,'2020-12-03 19:18:22',72),(266,266,'Inicialización de Stock',-55,NULL,'2020-12-03 19:18:22',72),(267,267,'Inicialización de Stock',-5,NULL,'2020-12-03 19:18:22',72),(268,268,'Inicialización de Stock',0,NULL,'2020-12-03 19:18:22',72),(269,269,'Inicialización de Stock',-3,NULL,'2020-12-03 19:18:22',72),(270,270,'Inicialización de Stock',-2,NULL,'2020-12-03 19:18:22',72),(271,271,'Inicialización de Stock',-20,NULL,'2020-12-03 19:18:22',72),(272,272,'Inicialización de Stock',0,NULL,'2020-12-03 19:18:22',72),(273,273,'Inicialización de Stock',0,NULL,'2020-12-03 19:18:22',72),(274,274,'Inicialización de Stock',0,NULL,'2020-12-03 19:18:22',72),(275,275,'Inicialización de Stock',-12,NULL,'2020-12-03 19:18:22',72),(276,276,'Inicialización de Stock',-14,NULL,'2020-12-03 19:18:22',72),(277,277,'Inicialización de Stock',0,NULL,'2020-12-03 19:18:22',72),(278,278,'Inicialización de Stock',0,NULL,'2020-12-03 19:18:22',72),(279,279,'Inicialización de Stock',0,NULL,'2020-12-03 19:18:22',72),(280,280,'Inicialización de Stock',0,NULL,'2020-12-03 19:18:22',72),(281,281,'Inicialización de Stock',0,NULL,'2020-12-03 19:18:22',72),(282,282,'Inicialización de Stock',0,NULL,'2020-12-03 19:18:22',72),(283,283,'Inicialización de Stock',-21,NULL,'2020-12-03 19:18:22',72),(284,284,'Inicialización de Stock',0,NULL,'2020-12-03 19:18:22',72),(285,285,'Inicialización de Stock',-30,NULL,'2020-12-03 19:18:22',72),(286,286,'Inicialización de Stock',-2,NULL,'2020-12-03 19:18:22',72),(287,287,'Inicialización de Stock',0,NULL,'2020-12-03 19:18:22',72),(288,288,'Inicialización de Stock',0,NULL,'2020-12-03 19:18:22',72),(289,289,'Inicialización de Stock',0,NULL,'2020-12-03 19:18:22',72),(290,290,'Inicialización de Stock',0,NULL,'2020-12-03 19:18:22',72),(291,291,'Inicialización de Stock',-6,NULL,'2020-12-03 19:18:22',72),(292,292,'Inicialización de Stock',0,NULL,'2020-12-03 19:18:22',72),(293,293,'Inicialización de Stock',0,NULL,'2020-12-03 19:18:22',72),(294,294,'Inicialización de Stock',0,NULL,'2020-12-03 19:18:22',72),(295,295,'Inicialización de Stock',0,NULL,'2020-12-03 19:18:22',72),(296,296,'Inicialización de Stock',0,NULL,'2020-12-03 19:18:22',72),(297,297,'Inicialización de Stock',0,NULL,'2020-12-03 19:18:22',72),(298,298,'Inicialización de Stock',-284,NULL,'2020-12-03 19:18:22',72),(299,299,'Inicialización de Stock',-600,NULL,'2020-12-03 19:18:22',72),(300,300,'Inicialización de Stock',0,NULL,'2020-12-03 19:18:22',72),(301,301,'Inicialización de Stock',0,NULL,'2020-12-03 19:18:22',72),(302,302,'Inicialización de Stock',-20,NULL,'2020-12-03 19:18:22',72),(303,303,'Inicialización de Stock',0,NULL,'2020-12-03 19:18:22',72),(304,304,'Inicialización de Stock',-20,NULL,'2020-12-03 19:18:22',72),(305,305,'Inicialización de Stock',0,NULL,'2020-12-03 19:18:22',72),(306,306,'Inicialización de Stock',0,NULL,'2020-12-03 19:18:22',72),(307,307,'Inicialización de Stock',-140,NULL,'2020-12-03 19:18:23',72),(308,308,'Inicialización de Stock',-5,NULL,'2020-12-03 19:18:23',72),(309,309,'Inicialización de Stock',-20,NULL,'2020-12-03 19:18:23',72),(310,310,'Inicialización de Stock',-15,NULL,'2020-12-03 19:18:23',72),(311,311,'Inicialización de Stock',0,NULL,'2020-12-03 19:18:23',72),(312,312,'Inicialización de Stock',-25,NULL,'2020-12-03 19:18:23',72),(313,313,'Inicialización de Stock',0,NULL,'2020-12-03 19:18:23',72),(314,314,'Inicialización de Stock',-2,NULL,'2020-12-03 19:18:23',72),(315,315,'Inicialización de Stock',0,NULL,'2020-12-03 19:18:23',72),(316,316,'Inicialización de Stock',0,NULL,'2020-12-03 19:18:23',72),(317,317,'Inicialización de Stock',0,NULL,'2020-12-03 19:18:23',72),(318,318,'Inicialización de Stock',0,NULL,'2020-12-03 19:18:23',72),(319,319,'Inicialización de Stock',0,NULL,'2020-12-03 19:18:23',72),(320,320,'Inicialización de Stock',0,NULL,'2020-12-03 19:18:23',72),(321,321,'Inicialización de Stock',0,NULL,'2020-12-03 19:18:23',72),(322,322,'Inicialización de Stock',0,NULL,'2020-12-03 19:18:23',72),(323,323,'Inicialización de Stock',0,NULL,'2020-12-03 19:18:23',72),(324,324,'Inicialización de Stock',-10,NULL,'2020-12-03 19:18:23',72),(325,325,'Inicialización de Stock',0,NULL,'2020-12-03 19:18:23',72),(326,326,'Inicialización de Stock',-2,NULL,'2020-12-03 19:18:23',72),(327,327,'Inicialización de Stock',-3,NULL,'2020-12-03 19:18:23',72),(328,328,'Inicialización de Stock',0,NULL,'2020-12-03 19:18:23',72),(329,329,'Inicialización de Stock',0,NULL,'2020-12-03 19:18:23',72),(330,330,'Inicialización de Stock',-15,NULL,'2020-12-03 19:18:23',72),(331,331,'Inicialización de Stock',-20,NULL,'2020-12-03 19:18:23',72),(332,332,'Inicialización de Stock',0,NULL,'2020-12-03 19:18:23',72),(333,333,'Inicialización de Stock',0,NULL,'2020-12-03 19:18:23',72),(334,334,'Inicialización de Stock',-40,NULL,'2020-12-03 19:18:23',72),(335,335,'Inicialización de Stock',0,NULL,'2020-12-03 19:18:23',72),(336,336,'Inicialización de Stock',-2,NULL,'2020-12-03 19:18:23',72),(337,337,'Inicialización de Stock',0,NULL,'2020-12-03 19:18:23',72),(338,338,'Inicialización de Stock',-2,NULL,'2020-12-03 19:18:23',72),(339,339,'Inicialización de Stock',-6,NULL,'2020-12-03 19:18:23',72),(340,340,'Inicialización de Stock',-6,NULL,'2020-12-03 19:18:23',72),(341,341,'Inicialización de Stock',-27,NULL,'2020-12-03 19:18:23',72),(342,342,'Inicialización de Stock',-6,NULL,'2020-12-03 19:18:23',72),(343,343,'Inicialización de Stock',0,NULL,'2020-12-03 19:18:23',72),(344,344,'Inicialización de Stock',-5,NULL,'2020-12-03 19:18:23',72),(345,345,'Inicialización de Stock',-6,NULL,'2020-12-03 19:18:23',72),(346,346,'Inicialización de Stock',0,NULL,'2020-12-03 19:18:23',72),(347,347,'Inicialización de Stock',0,NULL,'2020-12-03 19:18:23',72),(348,348,'Inicialización de Stock',-1,NULL,'2020-12-03 19:18:23',72),(349,349,'Inicialización de Stock',0,NULL,'2020-12-03 19:18:23',72),(350,350,'Inicialización de Stock',-220,NULL,'2020-12-03 19:18:23',72),(351,351,'Inicialización de Stock',-15,NULL,'2020-12-03 19:18:23',72),(352,352,'Inicialización de Stock',-75,NULL,'2020-12-03 19:18:23',72),(353,353,'Inicialización de Stock',-30,NULL,'2020-12-03 19:18:23',72),(354,354,'Inicialización de Stock',-5,NULL,'2020-12-03 19:18:23',72),(355,355,'Inicialización de Stock',-9,NULL,'2020-12-03 19:18:23',72),(356,356,'Inicialización de Stock',-5,NULL,'2020-12-03 19:18:23',72),(357,357,'Inicialización de Stock',-35,NULL,'2020-12-03 19:18:23',72),(358,358,'Inicialización de Stock',-3,NULL,'2020-12-03 19:18:23',72),(359,359,'Inicialización de Stock',-6,NULL,'2020-12-03 19:18:23',72),(360,360,'Inicialización de Stock',0,NULL,'2020-12-03 19:18:24',72),(361,361,'Inicialización de Stock',0,NULL,'2020-12-03 19:18:24',72),(362,362,'Inicialización de Stock',0,NULL,'2020-12-03 19:18:24',72),(363,363,'Inicialización de Stock',0,NULL,'2020-12-03 19:18:24',72),(364,364,'Inicialización de Stock',0,NULL,'2020-12-03 19:18:24',72),(365,365,'Inicialización de Stock',0,NULL,'2020-12-03 19:18:24',72),(366,366,'Inicialización de Stock',-420,NULL,'2020-12-03 19:18:24',72),(367,367,'Inicialización de Stock',-65,NULL,'2020-12-03 19:18:24',72),(368,368,'Inicialización de Stock',0,NULL,'2020-12-03 19:18:24',72),(369,369,'Inicialización de Stock',0,NULL,'2020-12-03 19:18:24',72),(370,370,'Inicialización de Stock',0,NULL,'2020-12-03 19:18:24',72),(371,371,'Inicialización de Stock',0,NULL,'2020-12-03 19:18:24',72),(372,372,'Inicialización de Stock',0,NULL,'2020-12-03 19:18:24',72),(373,373,'Inicialización de Stock',0,NULL,'2020-12-03 19:18:24',72),(374,374,'Inicialización de Stock',-25,NULL,'2020-12-03 19:18:24',72),(375,375,'Inicialización de Stock',0,NULL,'2020-12-03 19:18:24',72),(376,376,'Inicialización de Stock',0,NULL,'2020-12-03 19:18:24',72),(377,377,'Inicialización de Stock',0,NULL,'2020-12-03 19:18:24',72),(378,378,'Inicialización de Stock',-2,NULL,'2020-12-03 19:18:24',72),(379,379,'Inicialización de Stock',-4,NULL,'2020-12-03 19:18:24',72),(380,380,'Inicialización de Stock',0,NULL,'2020-12-03 19:18:24',72),(381,381,'Inicialización de Stock',0,NULL,'2020-12-03 19:18:24',72),(382,382,'Inicialización de Stock',0,NULL,'2020-12-03 19:18:24',72),(383,383,'Inicialización de Stock',0,NULL,'2020-12-03 19:18:24',72),(384,384,'Inicialización de Stock',0,NULL,'2020-12-03 19:18:24',72),(385,385,'Inicialización de Stock',0,NULL,'2020-12-03 19:18:24',72),(386,386,'Inicialización de Stock',-1,NULL,'2020-12-03 19:18:24',72),(387,387,'Inicialización de Stock',0,NULL,'2020-12-03 19:18:24',72),(388,388,'Inicialización de Stock',-15,NULL,'2020-12-03 19:18:24',72),(389,389,'Inicialización de Stock',0,NULL,'2020-12-03 19:18:24',72),(390,390,'Inicialización de Stock',0,NULL,'2020-12-03 19:18:25',72),(391,391,'Inicialización de Stock',0,NULL,'2020-12-03 19:18:25',72),(392,392,'Inicialización de Stock',0,NULL,'2020-12-03 19:18:25',72),(393,393,'Inicialización de Stock',0,NULL,'2020-12-03 19:18:25',72),(394,394,'Inicialización de Stock',0,NULL,'2020-12-03 19:18:25',72),(395,395,'Inicialización de Stock',0,NULL,'2020-12-03 19:18:25',72),(396,396,'Inicialización de Stock',0,NULL,'2020-12-03 19:18:25',72),(397,397,'Inicialización de Stock',-3,NULL,'2020-12-03 19:18:25',72),(398,398,'Inicialización de Stock',0,NULL,'2020-12-03 19:18:25',72),(399,399,'Inicialización de Stock',-10,NULL,'2020-12-03 19:18:25',72),(400,400,'Inicialización de Stock',0,NULL,'2020-12-03 19:18:25',72),(401,401,'Inicialización de Stock',0,NULL,'2020-12-03 19:18:25',72),(402,402,'Inicialización de Stock',0,NULL,'2020-12-03 19:18:25',72),(403,403,'Inicialización de Stock',0,NULL,'2020-12-03 19:18:25',72),(404,404,'Inicialización de Stock',0,NULL,'2020-12-03 19:20:33',72),(405,405,'Inicialización de Stock',0,NULL,'2020-12-03 19:20:33',72),(406,406,'Inicialización de Stock',0,NULL,'2020-12-03 19:20:33',72),(407,407,'Inicialización de Stock',-11,NULL,'2020-12-03 19:20:33',72),(408,408,'Inicialización de Stock',0,NULL,'2020-12-03 19:20:33',72),(409,409,'Inicialización de Stock',-2,NULL,'2020-12-03 19:20:33',72),(410,410,'Inicialización de Stock',0,NULL,'2020-12-03 19:20:33',72),(411,411,'Inicialización de Stock',-33,NULL,'2020-12-03 19:20:33',72),(412,412,'Inicialización de Stock',-11,NULL,'2020-12-03 19:20:33',72),(413,413,'Inicialización de Stock',0,NULL,'2020-12-03 19:20:33',72),(414,414,'Inicialización de Stock',-2,NULL,'2020-12-03 19:20:33',72),(415,415,'Inicialización de Stock',0,NULL,'2020-12-03 19:20:33',72),(416,416,'Inicialización de Stock',0,NULL,'2020-12-03 19:20:33',72),(417,417,'Inicialización de Stock',-6,NULL,'2020-12-03 19:20:33',72),(418,418,'Inicialización de Stock',0,NULL,'2020-12-03 19:20:33',72),(419,419,'Inicialización de Stock',-12,NULL,'2020-12-03 19:20:33',72),(420,420,'Inicialización de Stock',0,NULL,'2020-12-03 19:20:33',72),(421,421,'Inicialización de Stock',-3,NULL,'2020-12-03 19:20:33',72),(422,422,'Inicialización de Stock',0,NULL,'2020-12-03 19:20:33',72),(423,423,'Inicialización de Stock',0,NULL,'2020-12-03 19:20:33',72),(424,424,'Inicialización de Stock',-1,NULL,'2020-12-03 19:20:33',72),(425,425,'Inicialización de Stock',-1,NULL,'2020-12-03 19:20:33',72),(426,426,'Inicialización de Stock',-16,NULL,'2020-12-03 19:20:33',72),(427,427,'Inicialización de Stock',0,NULL,'2020-12-03 19:20:33',72),(428,428,'Inicialización de Stock',0,NULL,'2020-12-03 19:20:33',72),(429,429,'Inicialización de Stock',-11,NULL,'2020-12-03 19:20:33',72),(430,430,'Inicialización de Stock',-3,NULL,'2020-12-03 19:20:33',72),(431,431,'Inicialización de Stock',-4,NULL,'2020-12-03 19:20:33',72),(432,432,'Inicialización de Stock',0,NULL,'2020-12-03 19:20:33',72),(433,433,'Inicialización de Stock',-2,NULL,'2020-12-03 19:20:33',72),(434,434,'Inicialización de Stock',0,NULL,'2020-12-03 19:20:33',72),(435,435,'Inicialización de Stock',-4,NULL,'2020-12-03 19:20:33',72),(436,436,'Inicialización de Stock',0,NULL,'2020-12-03 19:20:33',72),(437,437,'Inicialización de Stock',0,NULL,'2020-12-03 19:20:33',72),(438,438,'Inicialización de Stock',0,NULL,'2020-12-03 19:20:33',72),(439,439,'Inicialización de Stock',0,NULL,'2020-12-03 19:20:34',72),(440,440,'Inicialización de Stock',0,NULL,'2020-12-03 19:20:34',72),(441,441,'Inicialización de Stock',-10,NULL,'2020-12-03 19:20:34',72),(442,442,'Inicialización de Stock',0,NULL,'2020-12-03 19:20:34',72),(443,443,'Inicialización de Stock',-36,NULL,'2020-12-03 19:20:34',72),(444,444,'Inicialización de Stock',0,NULL,'2020-12-03 19:20:34',72),(445,445,'Inicialización de Stock',-321,NULL,'2020-12-03 19:20:34',72),(446,446,'Inicialización de Stock',0,NULL,'2020-12-03 19:20:34',72),(447,447,'Inicialización de Stock',0,NULL,'2020-12-03 19:20:34',72),(448,448,'Inicialización de Stock',-9,NULL,'2020-12-03 19:20:34',72),(449,449,'Inicialización de Stock',0,NULL,'2020-12-03 19:20:34',72),(450,450,'Inicialización de Stock',0,NULL,'2020-12-03 19:20:34',72),(451,451,'Inicialización de Stock',-45,NULL,'2020-12-03 19:20:34',72),(452,452,'Inicialización de Stock',-10,NULL,'2020-12-03 19:20:34',72),(453,453,'Inicialización de Stock',-20,NULL,'2020-12-03 19:21:44',72),(454,454,'Inicialización de Stock',0,NULL,'2020-12-03 19:22:53',72),(455,455,'Inicialización de Stock',0,NULL,'2020-12-03 19:22:53',72),(456,456,'Inicialización de Stock',0,NULL,'2020-12-03 19:22:53',72),(457,457,'Inicialización de Stock',-4,NULL,'2020-12-03 19:22:53',72),(458,458,'Inicialización de Stock',0,NULL,'2020-12-03 19:22:53',72),(459,459,'Inicialización de Stock',-3,NULL,'2020-12-03 19:22:53',72),(460,460,'Inicialización de Stock',-2,NULL,'2020-12-03 19:22:53',72),(461,461,'Inicialización de Stock',-41,NULL,'2020-12-03 19:22:53',72),(462,462,'Inicialización de Stock',0,NULL,'2020-12-03 19:22:53',72),(463,463,'Inicialización de Stock',0,NULL,'2020-12-03 19:22:53',72),(464,464,'Inicialización de Stock',0,NULL,'2020-12-03 19:22:53',72),(465,465,'Inicialización de Stock',-50,NULL,'2020-12-03 19:22:53',72),(466,466,'Inicialización de Stock',0,NULL,'2020-12-03 19:22:53',72),(467,467,'Inicialización de Stock',0,NULL,'2020-12-03 19:22:53',72),(468,468,'Inicialización de Stock',0,NULL,'2020-12-03 19:22:53',72),(469,469,'Inicialización de Stock',-3,NULL,'2020-12-03 19:22:53',72),(470,470,'Inicialización de Stock',0,NULL,'2020-12-03 19:22:53',72),(471,471,'Inicialización de Stock',-3,NULL,'2020-12-03 19:22:53',72),(472,472,'Inicialización de Stock',0,NULL,'2020-12-03 19:22:53',72),(473,473,'Inicialización de Stock',-15,NULL,'2020-12-03 19:22:53',72),(474,474,'Inicialización de Stock',0,NULL,'2020-12-03 19:22:53',72),(475,475,'Inicialización de Stock',0,NULL,'2020-12-03 19:22:53',72),(476,476,'Inicialización de Stock',0,NULL,'2020-12-03 19:22:53',72),(477,477,'Inicialización de Stock',0,NULL,'2020-12-03 19:22:53',72),(478,478,'Inicialización de Stock',0,NULL,'2020-12-03 19:22:53',72),(479,479,'Inicialización de Stock',0,NULL,'2020-12-03 19:22:53',72),(480,480,'Inicialización de Stock',0,NULL,'2020-12-03 19:22:53',72),(481,481,'Inicialización de Stock',0,NULL,'2020-12-03 19:22:53',72),(482,482,'Inicialización de Stock',0,NULL,'2020-12-03 19:22:53',72),(483,483,'Inicialización de Stock',0,NULL,'2020-12-03 19:22:53',72),(484,484,'Inicialización de Stock',0,NULL,'2020-12-03 19:22:53',72),(485,485,'Inicialización de Stock',0,NULL,'2020-12-03 19:22:53',72),(486,486,'Inicialización de Stock',0,NULL,'2020-12-03 19:22:53',72),(487,487,'Inicialización de Stock',-10,NULL,'2020-12-03 19:22:53',72),(488,488,'Inicialización de Stock',-20,NULL,'2020-12-03 19:22:53',72),(489,489,'Inicialización de Stock',0,NULL,'2020-12-03 19:22:53',72),(490,490,'Inicialización de Stock',-20,NULL,'2020-12-03 19:22:53',72),(491,491,'Inicialización de Stock',0,NULL,'2020-12-03 19:22:53',72),(492,492,'Inicialización de Stock',0,NULL,'2020-12-03 19:22:53',72),(493,493,'Inicialización de Stock',0,NULL,'2020-12-03 19:22:53',72),(494,494,'Inicialización de Stock',0,NULL,'2020-12-03 19:22:53',72),(495,495,'Inicialización de Stock',-74,NULL,'2020-12-03 19:22:53',72),(496,496,'Inicialización de Stock',0,NULL,'2020-12-03 19:22:53',72),(497,497,'Inicialización de Stock',-2,NULL,'2020-12-03 19:22:53',72),(498,498,'Inicialización de Stock',-20,NULL,'2020-12-03 19:22:53',72),(499,499,'Inicialización de Stock',-4,NULL,'2020-12-03 19:22:53',72),(500,500,'Inicialización de Stock',-2,NULL,'2020-12-03 19:22:53',72),(501,501,'Inicialización de Stock',0,NULL,'2020-12-03 19:22:54',72),(502,502,'Inicialización de Stock',-11,NULL,'2020-12-03 19:22:54',72),(503,503,'Inicialización de Stock',-1,NULL,'2020-12-03 19:22:54',72),(504,504,'Inicialización de Stock',0,NULL,'2020-12-03 19:22:54',72),(505,505,'Inicialización de Stock',-5,NULL,'2020-12-03 19:22:54',72),(506,506,'Inicialización de Stock',0,NULL,'2020-12-03 19:22:54',72),(507,507,'Inicialización de Stock',-5,NULL,'2020-12-03 19:22:54',72),(508,508,'Inicialización de Stock',-1,NULL,'2020-12-03 19:22:54',72),(509,509,'Inicialización de Stock',0,NULL,'2020-12-03 19:22:54',72),(510,510,'Inicialización de Stock',0,NULL,'2020-12-03 19:22:54',72),(511,511,'Inicialización de Stock',0,NULL,'2020-12-03 19:22:54',72),(512,512,'Inicialización de Stock',0,NULL,'2020-12-03 19:22:54',72),(513,513,'Inicialización de Stock',0,NULL,'2020-12-03 19:22:54',72),(514,514,'Inicialización de Stock',-63,NULL,'2020-12-03 19:22:54',72),(515,515,'Inicialización de Stock',0,NULL,'2020-12-03 19:22:54',72),(516,516,'Inicialización de Stock',-30,NULL,'2020-12-03 19:22:54',72),(517,517,'Inicialización de Stock',-21,NULL,'2020-12-03 19:22:54',72),(518,518,'Inicialización de Stock',-20,NULL,'2020-12-03 19:22:54',72),(519,519,'Inicialización de Stock',-11,NULL,'2020-12-03 19:22:54',72),(520,520,'Inicialización de Stock',0,NULL,'2020-12-03 19:22:54',72),(521,521,'Inicialización de Stock',0,NULL,'2020-12-03 19:22:54',72),(522,522,'Inicialización de Stock',0,NULL,'2020-12-03 19:22:54',72),(523,523,'Inicialización de Stock',0,NULL,'2020-12-03 19:22:54',72),(524,524,'Inicialización de Stock',0,NULL,'2020-12-03 19:22:54',72),(525,525,'Inicialización de Stock',0,NULL,'2020-12-03 19:22:54',72),(526,526,'Inicialización de Stock',-27,NULL,'2020-12-03 19:22:54',72),(527,527,'Inicialización de Stock',0,NULL,'2020-12-03 19:22:54',72),(528,528,'Inicialización de Stock',0,NULL,'2020-12-03 19:22:54',72),(529,529,'Inicialización de Stock',-9,NULL,'2020-12-03 19:22:54',72),(530,530,'Inicialización de Stock',-2,NULL,'2020-12-03 19:22:54',72),(531,531,'Inicialización de Stock',0,NULL,'2020-12-03 19:22:54',72),(532,532,'Inicialización de Stock',-24,NULL,'2020-12-03 19:22:54',72),(533,533,'Inicialización de Stock',0,NULL,'2020-12-03 19:22:54',72),(534,534,'Inicialización de Stock',0,NULL,'2020-12-03 19:22:54',72),(535,535,'Inicialización de Stock',0,NULL,'2020-12-03 19:22:54',72),(536,536,'Inicialización de Stock',0,NULL,'2020-12-03 19:22:54',72),(537,537,'Inicialización de Stock',-160,NULL,'2020-12-03 19:22:54',72),(538,538,'Inicialización de Stock',-35,NULL,'2020-12-03 19:22:54',72),(539,539,'Inicialización de Stock',-20,NULL,'2020-12-03 19:22:54',72),(540,540,'Inicialización de Stock',-65,NULL,'2020-12-03 19:22:54',72),(541,541,'Inicialización de Stock',-15,NULL,'2020-12-03 19:22:54',72),(542,542,'Inicialización de Stock',0,NULL,'2020-12-03 19:22:54',72),(543,543,'Inicialización de Stock',-32,NULL,'2020-12-03 19:22:54',72),(544,544,'Inicialización de Stock',-5,NULL,'2020-12-03 19:22:54',72),(545,545,'Inicialización de Stock',-25,NULL,'2020-12-03 19:22:54',72),(546,546,'Inicialización de Stock',0,NULL,'2020-12-03 19:24:03',72),(547,547,'Inicialización de Stock',0,NULL,'2020-12-03 19:24:03',72),(548,548,'Inicialización de Stock',0,NULL,'2020-12-03 19:24:03',72),(549,549,'Inicialización de Stock',0,NULL,'2020-12-03 19:24:03',72),(550,550,'Inicialización de Stock',-162,NULL,'2020-12-03 19:24:03',72),(551,551,'Inicialización de Stock',-4900,NULL,'2020-12-03 19:24:03',72),(552,552,'Inicialización de Stock',-5,NULL,'2020-12-03 19:24:03',72),(553,553,'Inicialización de Stock',-5,NULL,'2020-12-03 19:24:03',72),(554,554,'Inicialización de Stock',-19,NULL,'2020-12-03 19:24:03',72),(555,555,'Inicialización de Stock',0,NULL,'2020-12-03 19:24:03',72),(556,556,'Inicialización de Stock',-52,NULL,'2020-12-03 19:24:03',72),(557,557,'Inicialización de Stock',0,NULL,'2020-12-03 19:24:03',72),(558,558,'Inicialización de Stock',-75,NULL,'2020-12-03 19:24:03',72),(559,559,'Inicialización de Stock',-165,NULL,'2020-12-03 19:24:03',72),(560,560,'Inicialización de Stock',-170,NULL,'2020-12-03 19:24:03',72),(561,561,'Inicialización de Stock',-50,NULL,'2020-12-03 19:24:03',72),(562,562,'Inicialización de Stock',-55,NULL,'2020-12-03 19:24:03',72),(563,563,'Inicialización de Stock',-120,NULL,'2020-12-03 19:24:03',72),(564,564,'Inicialización de Stock',-85,NULL,'2020-12-03 19:24:03',72),(565,565,'Inicialización de Stock',-110,NULL,'2020-12-03 19:24:03',72),(566,566,'Inicialización de Stock',0,NULL,'2020-12-03 19:24:03',72),(567,567,'Inicialización de Stock',0,NULL,'2020-12-03 19:24:03',72),(568,568,'Inicialización de Stock',0,NULL,'2020-12-03 19:24:48',72),(569,569,'Inicialización de Stock',0,NULL,'2020-12-03 19:24:48',72),(570,570,'Inicialización de Stock',0,NULL,'2020-12-03 19:24:48',72),(571,571,'Inicialización de Stock',0,NULL,'2020-12-03 19:24:48',72),(572,572,'Inicialización de Stock',0,NULL,'2020-12-03 19:24:48',72),(573,573,'Inicialización de Stock',-5,NULL,'2020-12-03 19:24:48',72),(574,574,'Inicialización de Stock',0,NULL,'2020-12-03 19:24:48',72),(575,575,'Inicialización de Stock',0,NULL,'2020-12-03 19:24:48',72),(576,576,'Inicialización de Stock',0,NULL,'2020-12-03 19:24:48',72),(577,577,'Inicialización de Stock',0,NULL,'2020-12-03 19:24:48',72),(578,578,'Inicialización de Stock',0,NULL,'2020-12-03 19:24:48',72),(579,579,'Inicialización de Stock',0,NULL,'2020-12-03 19:24:48',72),(580,580,'Inicialización de Stock',0,NULL,'2020-12-03 19:24:48',72),(581,581,'Inicialización de Stock',-13,NULL,'2020-12-03 19:24:48',72),(582,582,'Inicialización de Stock',0,NULL,'2020-12-03 19:24:48',72),(583,583,'Inicialización de Stock',0,NULL,'2020-12-03 19:24:48',72),(584,584,'Inicialización de Stock',-60,NULL,'2020-12-03 19:24:48',72),(585,585,'Inicialización de Stock',0,NULL,'2020-12-03 19:24:48',72),(586,586,'Inicialización de Stock',0,NULL,'2020-12-03 19:24:48',72),(587,587,'Inicialización de Stock',-20,NULL,'2020-12-03 19:24:48',72),(588,588,'Inicialización de Stock',0,NULL,'2020-12-03 19:24:48',72),(589,589,'Inicialización de Stock',0,NULL,'2020-12-03 19:24:48',72),(590,590,'Inicialización de Stock',0,NULL,'2020-12-03 19:24:48',72),(591,591,'Inicialización de Stock',-11,NULL,'2020-12-03 19:24:48',72),(592,592,'Inicialización de Stock',0,NULL,'2020-12-03 19:24:48',72),(593,593,'Inicialización de Stock',-4,NULL,'2020-12-03 19:24:48',72),(594,594,'Inicialización de Stock',-22,NULL,'2020-12-03 19:24:48',72),(595,595,'Inicialización de Stock',-6,NULL,'2020-12-03 19:24:48',72),(596,596,'Inicialización de Stock',0,NULL,'2020-12-03 19:24:48',72),(597,597,'Inicialización de Stock',-48,NULL,'2020-12-03 19:24:48',72),(598,598,'Inicialización de Stock',0,NULL,'2020-12-03 19:24:48',72),(599,599,'Inicialización de Stock',0,NULL,'2020-12-03 19:24:48',72),(600,600,'Inicialización de Stock',0,NULL,'2020-12-03 19:24:48',72),(601,601,'Inicialización de Stock',0,NULL,'2020-12-03 19:24:48',72),(602,602,'Inicialización de Stock',-12,NULL,'2020-12-03 19:24:48',72),(603,603,'Inicialización de Stock',-24,NULL,'2020-12-03 19:24:48',72),(604,604,'Inicialización de Stock',0,NULL,'2020-12-03 19:24:48',72);
/*!40000 ALTER TABLE `zHis_Stock` ENABLE KEYS */;
UNLOCK TABLES;
/*!40103 SET TIME_ZONE=@OLD_TIME_ZONE */;

/*!40101 SET SQL_MODE=@OLD_SQL_MODE */;
/*!40014 SET FOREIGN_KEY_CHECKS=@OLD_FOREIGN_KEY_CHECKS */;
/*!40014 SET UNIQUE_CHECKS=@OLD_UNIQUE_CHECKS */;
/*!40101 SET CHARACTER_SET_CLIENT=@OLD_CHARACTER_SET_CLIENT */;
/*!40101 SET CHARACTER_SET_RESULTS=@OLD_CHARACTER_SET_RESULTS */;
/*!40101 SET COLLATION_CONNECTION=@OLD_COLLATION_CONNECTION */;
/*!40111 SET SQL_NOTES=@OLD_SQL_NOTES */;

-- Dump completed on 2020-12-04  8:20:08
